rank,product_id,group,title,sold,price,active,rating
1,913146,Пазлы,"Пазлы детские в рамке Герои Дисней: Король лев, Рапунцель, Холодное сердце, Моана, Виннипух",1599,99.0,161,4.9
2,956409,"Кубики, мозаика и пирамидки","Кубики детские ""Собери картинку"", 4 кубика. Дикие и Домашние животные, Транспорт",880,199.0,21,4.9
3,1997433,Настольные и карточные игры,"Настольная игра ""Викторина. Школа дошколят""",872,359.0,5,5.0
4,895377,Магнитные игры и одевашки,Кукла магнитная с одеждой. Игра магнитная Одевашки. Ксюша,845,349.0,31,4.9
5,2409774,Опыты и наука,"Химические опыты. Эксперименты. Неньютоновская жидкость, Фараоновая змея. Фиксики",753,319.0,51,4.9
6,534876,Творчество и рукоделие,"Раскраски-антистресс Bondibon, в наборе, 21 х 30 см, А4",697,199.0,162,4.9
7,1832651,"Кубики, мозаика и пирамидки","Детская пластмассовая Мозаика, 100, 120, 150, 225 элементов",638,349.0,35,5.0
8,2213304,Творчество и рукоделие,"Детский набор для вышивки крестиком Единорог, Корги, Лиса, Коала",574,249.0,15,4.7
9,897665,Магнитные игры и одевашки,"Игра магнитная ""Одевашки. Модная девчонка. Кукла Анюта с одеждой""",557,399.0,31,5.0
10,931017,Пазлы,Пазлы мягкие для детей Герои мультфильма Дисней,477,145.0,65,4.9
11,1058969,Творчество и рукоделие,Набор для творчества Мыло своими руками,466,315.0,23,5.0
12,923159,Пазлы,"Пазлы детские в рамке Холодное Сердце Эльза и Анна, в рамке",438,139.0,72,4.9
13,2379766,Настольные и карточные игры,Веселая настольная игра Объяснялка Объясни жестами,400,269.0,0,5.0
14,2455331,Прочее,Защитный чехол на сиденье автомобиля / Защитная накидка на спинку сиденья / Незапинайка,384,349.0,82,4.8
15,1832852,Настольные и карточные игры,"Настольная игра Фанты, Объясни, покажи, нарисуй",366,249.0,0,4.5
16,1248402,Настольные и карточные игры,Настольная игра лото для детей. Развивающая игра,363,219.0,19,5.0
17,309220,Деревянные игрушки и шнуровки,"Развивающая деревянная игрушка Шнуровка ""Три кота"" Карамелька",322,175.0,0,4.8
18,1280742,Книги и обучающие материалы,"Развивающая игра на липучках изучаем цвета, Мой дом, Овощи и фрукты, Формы, Времена года",318,699.0,17,4.9
19,900284,Пазлы,"Пазлы детские контурные для малышей Дикие, Домашние животные, Транспорт. Половинки",289,355.0,0,5.0
20,956258,Пазлы,Пазлы детские мягкие для мальчиков и девочек. Крупные пазлы для малышей. Пазлы для девочек,258,125.0,4,5.0
21,1031160,Магнитные игры и одевашки,"Танграм магнитная игра с заданиями, развивающие игры для детей",253,459.0,0,4.6
22,972945,Настольные и карточные игры,"Карточная настольная игра ""Мафия""",251,255.0,9,5.0
23,39379,Книги и обучающие материалы,"Книга для купания и игр в ванной Bondibon ""Животные""",245,245.0,0,4.5
24,117502,"Животные, фигурки и наборы","Набор животных 12 шт. Bondibon ""Ребятам о зверятах""",243,249.0,0,4.5
25,1033468,Настольные и карточные игры,"Настольная игра для детей Лото ""Животные"", ""Растения"", ""Кто где живет"", ""Собирай-ка""",236,245.0,0,5.0
26,2449171,Творчество и рукоделие,"Картина по номерам детская Холодное сердце, Пони, Котики, Корги, Единорог, Космос",214,395.12,64,5.0
27,2201234,Мячи и активные игры,"Мяч детский, прыгун мягкий, Мячик Смайлик, спорт, в комплекте",210,128.0,72,5.0
28,978916,Магнитные игры и одевашки,"Магниты детские Мои первые магниты, 28 элементов, детские магнитики, Магнитные истории",210,299.0,5,4.8
29,923591,Магнитные игры и одевашки,"Азбука с заданиями, магнитная развивающая игра, русский алфавит",208,499.0,0,4.6
30,969613,Пазлы,"Пазлы детские крупные Maxi ""Игрушки"", ""Фрукты"", ""Ягоды"". Макси пазлы",200,299.0,15,5.0
31,309210,Деревянные игрушки и шнуровки,"Развивающая деревянная игрушка - шнуровка ""Три кота"" Коржик",200,175.0,0,5.0
32,1939359,Творчество и рукоделие,"Набор для вышивания. Вышивание крестиком. Вышивка ""Новогодняя"" Дед мороз, Ёлочка",193,249.0,67,5.0
33,923388,Магнитные игры и одевашки,"Магниты детские Машинки, карта / дорога ""Мы едем, едем"", магнитные машинки, транспорт",192,399.0,0,4.9
34,2687332,Книги и обучающие материалы,"Многоразовая книжка с маркером Пиши-стирай. Животные в Море, Лесные и домашние животные",189,199.0,129,5.0
35,35682,Магнитные игры и одевашки,"Деревянная игрушка магнитная рыбалка "" Поймай червячка "" яблоко , клубничка",181,790.0,0,4.9
36,213986,Настольные и карточные игры,"Зубастый крокодил"" Настольная игра Bondibon безумный",178,499.0,0,4.7
37,939089,Мягкие игрушки и театр,"Кукла-перчатка. Кукольный театр. Лиса, Мышка, Медведь, Кот, Заяц, Лягушка",177,289.0,69,4.8
38,89487,Деревянные игрушки и шнуровки,Деревянный свисток,177,85.0,0,4.8
39,1328379,Творчество и рукоделие,"Набор для шитья мягкая игрушка, из фетра, своими руками",175,375.0,33,5.0
40,1316058,Творчество и рукоделие,"Доски для выжигания по дереву, 2 штуки. Набор досок деревянных",175,199.0,33,5.0
41,2384404,Творчество и рукоделие,"Аппликация наклейками. Книга Рисуй наклейками картина по номерам. Единорог, Динозавр",172,349.0,30,5.0
42,939852,Настольные и карточные игры,"Настольная игра ""Мемо Животные"" для малышей",171,369.0,0,5.0
43,2334872,Настольные и карточные игры,"Настольная игра Дуббль / Дубль Добль для детей. Холодное сердце, Микки Маус, Гравитифолз",169,249.0,42,4.9
44,1280650,Настольные и карточные игры,"Настольная детская игра ""Мемо"", транспорт, животные, флаги",169,199.0,83,5.0
45,2515846,Творчество и рукоделие,"Картина по номерам детская ракраска. Холсте с подрамником, Единорог, Пони, Холодное сердце",156,417.69,105,4.4
46,1832880,Настольные и карточные игры,"Настольная игра ""Чёто-Тама"" или ""Кто я?"" на угадывание слов",154,249.0,0,5.0
47,540339,Пазлы,Детские деревянные пазлы,154,319.0,53,5.0
48,13263,Деревянные игрушки и шнуровки,"Деревянные кубики, 5 цветов",153,210.0,0,5.0
49,932155,Настольные и карточные игры,Мафия Волшебная. Карточная Настольная игра для детей,150,259.0,12,5.0
50,2327391,Конструкторы,"Конструктор новогодний ""Дед мороз"", ""Снеговик"", ""Ёлочка""",143,299.0,109,5.0
51,58600,Книги и обучающие материалы,"Игры и задания на логику, внимательность. Головоломки, Судоку, Логические игры для детей",142,652.5,2,4.9
52,899155,Пазлы,"Пазлы детские контурные Животные. Первые пазлы малыша, Набор из 5 картинок",141,355.0,0,5.0
53,309492,Деревянные игрушки и шнуровки,"Пирамидка Ступеньки 6 деталей, развивающая деревянная игрушка от Алатойс",141,350.0,0,4.9
54,2015342,Опыты и наука,"Набор юного археолога ""Раскопки. Технозавры"": драгоценные камни, воины скелеты",139,408.59,23,5.0
55,13406,Деревянные игрушки и шнуровки,"Деревянные погремушки - маракасы, 19 см",138,170.0,0,5.0
56,2406358,Магнитные игры и одевашки,"Магнитная кукла с нарядами Алиса ""Одевашки""",136,359.0,87,5.0
57,2531464,Опыты и наука,"Набор опытов Увлекательная наука Опыты с Венеры, 6 опытов",133,711.0,31,5.0
58,970356,Пазлы,"Пазлы детские крупные Maxi ""Домашние животные"", ""Дикие животные"" 6 животных. Макси пазлы",133,299.0,23,4.6
59,2279640,Настольные и карточные игры,"Дубль, Дабл, фанты. Настольная игра для детей",132,239.0,9,5.0
60,1280787,Настольные и карточные игры,"Словодел Большой, Компакт. Настольная развивающая игра для детей и взрослых. Собери слово",124,949.0,7,0.0
61,156455,Книги и обучающие материалы,"Книга для купания и игр в ванной ""Транспорт"", Bondibon",122,245.0,0,5.0
62,417046,Прочее,"Прищепки разноцветные ""Семицветик"" 24 шт",120,199.0,0,5.0
63,417036,Прочее,"Счетный материал ""Палочки для счета"", 50 дет",119,235.0,21,4.7
64,45757,"Животные, фигурки и наборы","Набор животных Bondibon ""Ребятам о Зверятах""",118,399.0,29,4.4
65,949901,Книги и обучающие материалы,"Игра развивающая - тренажер ""Часы. Который час. Времена года"" Двусторонние обучающие часы",115,349.0,21,5.0
66,309224,Деревянные игрушки и шнуровки,"Шнуровка ""Компот"" Три кота развивающая деревянная игрушка",114,175.0,0,5.0
67,1500901,Магнитные игры и одевашки,"Магнитная кукла ""Одевашки. Лиза"" Развивающая игра для девочек",113,679.0,8,5.0
68,1500878,Магнитные игры и одевашки,"Кукла Магнитная с нарядами / одеждой ""Одевашки Настя"", развивающая игра для девочек",109,569.0,14,5.0
69,2409130,Мягкие игрушки и театр,"Мягкая игрушка Плюшевый мишка Шарлотта, Фенек Миранда, Зайчик Мякиши",106,680.0,0,4.8
70,950109,Настольные и карточные игры,"Настольная игра МЕМО ""Носочки""",105,369.0,7,4.8
71,131411,Пазлы,"Пазлы ""Животные"" деревянные",105,199.0,10,4.3
72,950401,Книги и обучающие материалы,"Настольная игра Baby Toys ""Азбука для самых маленьких"", русский алфавит",104,400.5,17,5.0
73,30429,Пазлы,"Детское Домино Половинки, ""Животные и игрушки"" 28 плашек",103,801.0,27,4.8
74,213965,Книги и обучающие материалы,"Книга для купания и игр в ванной ""Кто чья мама?"",  Bondibon",102,199.0,0,5.0
75,2692084,Книги и обучающие материалы,"Книжка-шуршалка ""Мои первые слова"", 10х11 см",100,359.0,19,5.0
76,711319,Деревянные игрушки и шнуровки,Деревянная музыкальная игрушка Дудочка,100,199.0,0,5.0
77,711154,Деревянные игрушки и шнуровки,"Деревянная игрушка ""Гусеница""",100,180.0,0,4.8
78,2279644,Настольные и карточные игры,Настольная детская игра ходилка бродилка Зимняя Новогодняя,99,299.0,0,5.0
79,2338726,Настольные и карточные игры,"Новогодняя игра-ходилка ""Зимние приключения с фантами""",96,199.0,12,4.3
80,2223434,Мячи и активные игры,"Мяч детский, прыгун мягкий, мячик-антистресс ""Смайлик - фрукты""",95,145.0,23,5.0
81,711297,Деревянные игрушки и шнуровки,"Деревянная игрушка ""Волчок""",95,120.0,0,5.0
82,309192,Пазлы,"Пазлы детские деревянные Карамелька ""Три кота"" развивающая деревянная игрушка",95,329.0,0,5.0
83,923206,Настольные и карточные игры,"Развивающая настольная игра в слова для детей и взрослых Словодел ""Великан"", 42 х 33 см",94,849.0,0,5.0
84,969659,Магнитные игры и одевашки,"Шахматы, шашки, кто первый, крестики-нолики. Магнитная игра 4 в 1",93,395.0,6,5.0
85,2537919,Книги и обучающие материалы,"Развивающие черно-белые карточки / картинки для новорожденных Животные, Абстракция 0+",92,199.0,10,5.0
86,3064968,Прочее,"Детские накладные ногти Сияй ярче звёзд, 12 шт",91,249.0,99,0.0
87,348,Деревянные игрушки и шнуровки,Деревянный конструктор - сортер Паровозик. Развивающая игрушка,91,1150.0,0,4.8
88,1031582,Прочее,Набор Фотошар. Новогодний шар с фото на ёлку. Ёлочная игрушка,88,480.0,0,5.0
89,537495,Книги и обучающие материалы,"Кубики ""Азбука для самых маленьких"", буквы, русский алфавит, умные кубики для детей",88,299.0,2,4.7
90,1328530,"Кубики, мозаика и пирамидки","Кубики детские с картинками, 4 штуки",87,199.0,2,5.0
91,2743846,Опыты и наука,Набор для опытов. Опыты детские. Большой набор,86,1251.0,18,3.7
92,1091981,Книги и обучающие материалы,Ёлочка новогодняя. Развивающая игра для малыей на липучках,86,349.0,0,5.0
93,955611,Пазлы,"Пазлы детские мягкие Дисней ""Королевские питомцы"", 12 эл. Пазлы для девочек",86,135.0,33,5.0
94,2378213,"Животные, фигурки и наборы","Пазл детский ""Синий трактор"", транспорт, животные, на ферме, 35 элементов",85,159.0,20,5.0
95,937685,Магнитные игры и одевашки,"Магнитная игра ""Азбука с картинками"", 54 элемента. Русский алфавит",85,245.0,14,3.0
96,13316,Деревянные игрушки и шнуровки,Деревянный свисток - человечек,84,60.0,0,3.8
97,2694873,Магнитные игры и одевашки,"Магнитная игра ""Тёмная история""",82,319.0,7,5.0
98,2975468,Прочее,"Оригами для мальчиков, девочек, набор для творчества",80,199.0,51,5.0
99,1313424,Книги и обучающие материалы,"Развивающая игра ""Мама и малыш"", карточки на липучках",80,749.0,0,5.0
100,2973504,Опыты и наука,"Выращивание кристаллов. Химические опыты для детей. Дед Мороз, Снегурочка, Ёлочка",79,219.0,0,5.0
101,1829591,Творчество и рукоделие,Доски для выжигания с рисунком,79,230.0,3,5.0
102,931821,Пазлы,"Пазлы мягкие 24 элемента ""Герои Disney"": Холодное сердце, Моана, Белоснежка и семь гномов""",77,165.0,4,5.0
103,258149,Книги и обучающие материалы,"Книга для купания и игр в ванной ""Дикие животные"" Bondibon, 12х12 см",77,245.0,0,4.9
104,2380711,"Животные, фигурки и наборы","Пазл детский Синий трактор, Транспорт, животные дикие, домашние, на ферме, 24 элемента",76,139.0,64,5.0
105,438367,Деревянные игрушки и шнуровки,"Деревянная игрушка - шнуровка ""Рыбка""",76,155.0,0,5.0
106,899236,Пазлы,Пазлы детские контурные Транспорт / Машинки. Первые пазлы малыша,75,315.0,25,5.0
107,2376205,"Животные, фигурки и наборы",Оригами для самых маленьких Домашние зверята,73,199.0,17,5.0
108,1008660,Настольные и карточные игры,"Настольная игра для детей Мафия детская ""Школа Волшебства""",73,299.0,0,5.0
109,977232,Настольные и карточные игры,"Детская настольная игра ""Тарантинки. Кто я?"" с ободком",73,499.0,0,5.0
110,1031683,Творчество и рукоделие,"Аппликация Новый год. Дед мороз, Снегурочка, Ёлочка, Снеговик",72,299.0,67,5.0
111,58557,Книги и обучающие материалы,"Книга для купания и игр в ванной ""Как называется?"" ( знакомимся с цветами) Bondibon",71,245.0,0,5.0
112,1813755,Магнитные игры и одевашки,Магниты детские Времена года. Развивающая магнитная игра для детей,70,355.0,22,5.0
113,672993,Конструкторы,Конструктор 3D модель для раскрашивания с инерционным механизмом Bondibon,70,199.0,0,1.0
114,417024,Прочее,"Счетный материал ""Радужный счет"" 70 шт",69,245.0,0,4.8
115,1965084,Прочее,"Гравюра цветная,скретч картинки Набор для рисования",68,129.0,130,5.0
116,940002,Настольные и карточные игры,Мемо. Детская настольная игра на развитие памяти,67,319.0,4,5.0
117,416635,Настольные и карточные игры,"Лото ""Азбука-цифры"", ""Алатойс""",67,545.09,12,5.0
118,2487480,Книги и обучающие материалы,Книга-история с наклейками Эльза и Анна. Книжка Холодное сердце. Идеальный летний день,66,219.0,0,5.0
119,156489,Книги и обучающие материалы,"Книга для купания и игр в ванной ""Что любит?"", Bondibon",65,245.0,0,4.9
120,2296836,Настольные и карточные игры,"Набор для рисования на воде ""Эбру"", большой лоток, 8 цветов",64,1190.0,4,5.0
121,1320552,Творчество и рукоделие,"Доски деревянные для выжигания по дереву Динозавры, Драконы, 2шт в наборе. Набор досок",64,279.0,11,5.0
122,1320053,Творчество и рукоделие,"Доски для выжигания Вертолет и Гоночный автомобиль, Трансформер и космический корабль",64,210.0,36,4.5
123,1832626,"Кубики, мозаика и пирамидки","Мозаика детская шестигранная пластмассовая Сова, Машина, 85, 100 и 120 элементов",63,382.5,18,5.0
124,9927,"Животные, фигурки и наборы",Гоночный трек с 4 машинками,63,1750.0,0,4.8
125,817008,Деревянные игрушки и шнуровки,"Сортер для малышей, деревянный, Монтессори, рамка-вкладыш ""Животные"", 18 деталей",62,750.0,0,4.8
126,81516,Прочее,Логические цилиндры Монтессори,62,590.0,0,5.0
127,2974163,Прочее,"Карнавальный набор Снежинка. Новогодний ободок, пумпоны",61,329.0,11,0.0
128,2336479,Настольные и карточные игры,"Настольная игра на баланс Стульчики / На 4 ногах, Башня из стульчиков. Новогодняя версия",61,289.0,1,5.0
129,1266686,Творчество и рукоделие,"Доски для выжигания, с рисунком",60,349.0,0,5.0
130,1034797,Настольные и карточные игры,Набор букв для игры Словодел 125 фишек. Составь слово,60,225.0,0,5.0
131,1008534,Магнитные игры и одевашки,Русский алфавит. Азбука. Магнитная игра Удивительные буквы (72 элемента),60,199.0,0,5.0
132,2529546,Прочее,"Мыльные пузыри Большие Лунтик, Барбоскины, 200 мл",59,269.0,24,5.0
133,1170405,Книги и обучающие материалы,"Книга для ванны для купания ""Животные"", 12 х 12 см",59,239.0,0,5.0
134,417029,Прочее,"Счетный материал ""Палочки для счета"" 36 палочек",59,175.0,0,5.0
135,2793423,Прочее,Карнавальный ободок Хэллоуин,57,199.0,1,5.0
136,1822597,Творчество и рукоделие,Доски для выжигания с рисунком,57,199.0,6,5.0
137,915697,Деревянные игрушки и шнуровки,Деревянная игрушка-шнуровка Ёжик,57,355.0,0,5.0
138,903783,Творчество и рукоделие,"Набор для вышивания с пяльцами. Вышивание крестиком. Вышивка ""Новогодняя Ёлочка""",57,299.0,13,5.0
139,323,Деревянные игрушки и шнуровки,Деревянная игрушка-стучалка,56,1350.0,0,4.6
140,1813596,Настольные и карточные игры,"Игра детская - бродилка / ходилка Алфавит, Азбука русские буквы",55,413.1,17,5.0
141,258136,Книги и обучающие материалы,"Книга для купания и игр в ванной ""Кто какого цвета?"", Обитатели моря, 12х12 см",55,165.0,0,5.0
142,2483494,Настольные и карточные игры,"Настольная игра Игра - ходилка / бродилка, Смешарики, Фиксики, Синий трактор",54,159.0,26,3.0
143,2377502,"Кубики, мозаика и пирамидки","Набор цветных развивающих кубиков Смешарики. Конструктор детский, 20 штук",54,390.0,26,5.0
144,2670921,Книги и обучающие материалы,"Книжка-тренажёр для рисования, детская ""Я учусь рисовать"", для мальчиков и девочек",53,249.0,51,5.0
145,1831904,Прочее,"Набор для рисования ""Флюид АРТ"" Жидкий акрил для творчества",53,799.0,0,5.0
146,395,Деревянные игрушки и шнуровки,"Игрушка деревянная 3 в 1: машинка, сортер, ксилофон",53,1890.0,0,4.8
147,2559085,Прочее,Набор для бисероплетения Украшение из бисера,52,359.0,2,5.0
148,2529534,Прочее,"Мыльные пузыри, Бутылочка , раствор, 500 мл Цвет микс",52,249.0,24,4.2
149,1009868,Прочее,"Новогодний набор: Адвент - Календарь, письмо Деду Морозу, Топ 20 новогодних дел",52,199.0,0,5.0
150,39381,Книги и обучающие материалы,"Книга для купания Bondibon ""Кто что ест"",  12х12 см",52,245.0,0,5.0
151,2330951,Мягкие игрушки и театр,"Мягкая игрушка Енот, Мишка",51,599.0,9,4.7
152,1961121,Пазлы,"Пазлы для малышей ""Транспорт"", ""Домашние животные"", 6 картинок в наборе",51,289.0,0,5.0
153,965776,Настольные и карточные игры,"Настольная детская игра ""Денежка. Играем в магазин. Покупаем продукты""",51,465.0,0,5.0
154,309702,Деревянные игрушки и шнуровки,Каталка Лошадка развивающая деревянная игрушка,50,375.0,0,5.0
155,939815,Настольные и карточные игры,Настольная игра МЕМО,49,369.0,12,5.0
156,38753,Прочее,"Учимся рисовать, тренажер по рисованию, компактные развивающие игры в дорогу Bondibon",49,429.14,23,5.0
157,13326,Деревянные игрушки и шнуровки,"Машинка-конструктор и Стучалка 2в1, деревянная",49,650.0,0,4.7
158,2334559,Конструкторы,"Конструктор Динозавр. Робот-трансформер ""Вольтрон"", 6 видов",47,329.0,17,5.0
159,1010285,"Кубики, мозаика и пирамидки","Кубики детские с картинкой, 6 кубиков. Холодное сердце Эльза, Олаф Disney",47,230.0,4,5.0
160,901537,Книги и обучающие материалы,"Соображай-ка. Развивающая игра Пиши-Стирай, 36 двусторонних карточек",47,445.5,8,5.0
161,39726,Книги и обучающие материалы,"Книга для купания, Bondibon,  ""Где живет?"", 15х15 см",47,195.0,0,4.0
162,2743018,Творчество и рукоделие,"Развивающая Книга с наклейками Буквы и слова, Внимание, Буквы и Счёт",46,139.0,41,5.0
163,2208159,Настольные и карточные игры,"Настольная игра Дубль Дуббль (Dobble) Дабл Микс / Животные, на развитие внимания и реакцию",46,319.0,17,5.0
164,938702,Магнитные игры и одевашки,Магнитная игра Мозаика с заданиями (16 карточек),46,499.0,0,5.0
165,367356,Пазлы,"Пазлы детские, деревянные, Коржик ""Три кота"", развивающая деревянная игрушка",46,299.0,0,5.0
166,2747015,Творчество и рукоделие,"Наклейки детские развивающие ""Забавные страшилки"", ""Милые мордашки"", Монстрики",45,199.0,86,5.0
167,1032203,Творчество и рукоделие,"Аппликация детская, Новогодняя с пайетками. Картина в рамке Дед Мороз, Снеговик",45,290.0,25,5.0
168,534941,Творчество и рукоделие,"Художник светом / Рисуй светом Набор для рисования в темноте с трафаретами, 25х18 см",45,499.0,0,0.0
169,452213,Пазлы,"Деревянная игрушка сортер - пазл ""Фигуры""",45,390.0,0,5.0
170,930838,Пазлы,"Пазлы деревянные детские Лесные жители, Зоопарк, Транспорт, Домашние животные. Сортер",44,299.0,13,5.0
171,799138,Настольные и карточные игры,"Страны мира, Игра-викторина серия ""Умная Сова"" Bondibon",44,899.0,0,5.0
172,367351,Пазлы,"Пазлы деревянные детские Компот ""Три кота""",44,329.0,1,5.0
173,367333,Пазлы,"Пазлы детские деревянные герои мультфильма ""Три кота"" Коржик, Карамелька и Компот",44,349.0,0,5.0
174,2760126,"Животные, фигурки и наборы","Раскраска многоразовая Пиши-стирай. Животные на ферме, Пони, Транспорт. Маркеры в комплекте",43,249.0,37,5.0
175,901491,Книги и обучающие материалы,Веселые лабиринты. 72 лабиринта. Развивающая игра Пиши-Стирай,43,495.0,14,5.0
176,309735,Конструкторы,Конструктор - каталка Паровозик 7 деталей,43,380.0,0,4.7
177,39098,Прочее,"Набор игрушек-пищалок для купания, BONDIBON, Подводный мир, 8 шт/упак",43,385.0,0,5.0
178,13252,Деревянные игрушки и шнуровки,Детская деревянная игрушка Мозаика Геоанимо,43,891.0,34,5.0
179,2334521,Конструкторы,"Конструктор Динозавр со звуковыми эффектами, Серия Дино мир",42,690.0,16,5.0
180,2222984,Прочее,"Антистресс игрушка, браслет мялка-тянучка, светится",42,259.0,5,5.0
181,2203256,"Кубики, мозаика и пирамидки","Кубики детские пластмассовые  с картинками ""Лесные / домашние животные""",42,199.0,0,5.0
182,447022,Деревянные игрушки и шнуровки,"Деревянная игрушка Шнуровка ""Корова""",42,175.0,0,5.0
183,28819,Прочее,"Игрушка для развития моторики ""Серпантинка""",42,1125.0,2,5.0
184,3066958,Творчество и рукоделие,Набор для шитья. Игрушка из фетра своими руками Милый динозаврик,41,299.0,39,4.0
185,2324714,Творчество и рукоделие,"Мягкая елочная игрушка из фетра: домик, елочка, колокольчик своими руками",41,329.0,2,5.0
186,2213187,Настольные и карточные игры,"Детская настольная игра для большой компании ""Мемы, общий сбор!""",41,459.0,22,5.0
187,903632,Творчество и рукоделие,Набор для вышивания крестиком с пяльцами. Детская вышивка Новогодняя Дед Мороз,41,299.0,29,0.0
188,901598,Книги и обучающие материалы,Внимание и логика. Развивающая игра Пиши-Стирай,41,445.5,30,5.0
189,414714,Деревянные игрушки и шнуровки,"Шнуровка Лапочка ""Три кота"" Алатойс",41,149.0,0,5.0
190,309589,Деревянные игрушки и шнуровки,"Шнуровка ""Свинка Пеппа"" развивающая деревянная игрушка",41,150.0,0,5.0
191,2331513,Мягкие игрушки и театр,"Кукла-перчатка на руку Домашний кукольный театр Доктор,  внучка Машенька",40,299.0,3,0.0
192,1010273,"Кубики, мозаика и пирамидки","Кубики ""Король Лев"" Герои Disney, Собери картинку. 6 штук",40,230.0,0,5.0
193,810916,"Животные, фигурки и наборы","Лото ""Фрукты-овощи"", ""Животные"", ""Транспорт"" от Алатойс",40,531.0,26,5.0
194,537588,Прочее,"Набор игровой ""Играем в воде"", Рыбки-колечки для ныряния, Вondibon",40,390.0,0,5.0
195,452340,Деревянные игрушки и шнуровки,Деревянная игрушка - Шнуровка Уточка,40,175.0,0,5.0
196,309577,Деревянные игрушки и шнуровки,"Шнуровка ""Джордж"" Свинка Пеппа развивающая деревянная игрушка",40,175.0,1,5.0
197,172659,Прочее,Совочек НОРДПЛАСТ 15см,40,20.0,0,0.0
198,13323,Деревянные игрушки и шнуровки,"Игрушка-шнуровка в контейнере, 45 шт",40,450.0,0,4.7
199,2984275,Прочее,"Блокнот IQ Лабиринты, Кроссворды, задания. Новогодний детский",39,75.0,31,0.0
200,234052,Настольные и карточные игры,Зубастый крокодил. Настольная игра со светом и звуком / Безумный крокодил Bondibon,39,1450.0,0,4.4
201,455258,Пазлы,"Детские деревянные пазлы ""Учись считать""",38,430.65,21,5.0
202,9926,Настольные и карточные игры,"Игра настольная Мемори, мемо на память и логику",38,749.0,0,5.0
203,2974849,Творчество и рукоделие,Ёлочный шар под раскраску на новый год Холодное сердце Эльза и Олаф,37,149.0,3,5.0
204,2574753,Опыты и наука,"Набор для опытов Удивительные опыты с водой, 23 предмета, 20 опытов",37,990.0,13,3.5
205,2336414,Конструкторы,"Конструктор-трансформер ""Паровоз"", 3 варианта сборки, 305 деталей",37,1099.0,0,5.0
206,1830487,Творчество и рукоделие,"Раскраска на доске ""Животные"": Котик, Единорог, Лев, Фламинго, Жираф",37,399.0,17,5.0
207,434777,Прочее,"Лабиринт ""Кот""",37,210.0,0,5.0
208,2974974,Творчество и рукоделие,"Наклейки новогодние кружочки. Приходи, Новый год",36,169.0,4,5.0
209,2303775,Опыты и наука,Раскопки для детей Юный археолог (17 артефактов),36,499.0,3,5.0
210,1034678,Деревянные игрушки и шнуровки,Игрушка Машинка деревянная,36,245.0,0,5.0
211,955784,Настольные и карточные игры,"Детская настольная игра Домино ""Животные, игрушки""",36,355.0,5,5.0
212,711203,Деревянные игрушки и шнуровки,Деревянные счетные палочки и счетный материал,36,531.0,19,5.0
213,45705,Настольные и карточные игры,"Настольная семейная игра ""Быстрые стаканчики""",36,1124.1,11,5.0
214,2976834,Прочее,"Кружка керамическая детская, сувенирная, 350 мл Супер-мен, Человек-паук Marvel",35,454.09,22,5.0
215,537528,Прочее,"Жилет для плавания детский ""Тропические приятели""  3-5 лет",35,450.0,0,5.0
216,2539424,Книги и обучающие материалы,"Книжка - шуршалка по методике Г. Домана,Чёрно-белые картинки для малышей , Животные",34,441.0,57,0.0
217,367773,Деревянные игрушки и шнуровки,"Шнуровка Гоня ""Три кота""",34,149.0,0,5.0
218,2071821,Конструкторы,"Конструктор металлический Стройка, Кран, Трактор, Самосвал",33,545.09,46,0.0
219,1008855,Творчество и рукоделие,"Раскраски антистресс, Дыхание весны, 6 листов 29,5х19 см",33,165.0,0,5.0
220,903391,Магнитные игры и одевашки,"Магниты новогодние ""Магнитные истории: Дед мороз, Снегурочка, Ёлочка""",33,199.0,15,4.8
221,348068,Прочее,"Новогодняя игрушка для раскрашивания ""Ёлочные украшения"" Домик Деда Мороза",33,255.0,0,5.0
222,30518,Прочее,"Металлофон, 8 нот",33,450.0,0,5.0
223,13255,Магнитные игры и одевашки,"Магнитный конструктор ""Смешные лица""",33,750.0,0,5.0
224,2547763,Прочее,"Мелки цветные ""Смешарики"", Тачки, Принцесса",32,69.0,73,0.0
225,2449674,Прочее,"Набор для девочек: временная тату, заколки, браслетик, Единорог, Котёнок, Корги",32,199.0,24,5.0
226,2394763,"Животные, фигурки и наборы","Кубики мягкие для малышей Синий трактор: Зверята, кубики, 4 шт, 8 см",32,590.0,19,5.0
227,509659,Прочее,"Круг надувной для плавания 51 см, 3-6лет INTEX",32,190.0,0,5.0
228,418078,"Кубики, мозаика и пирамидки","Пирамидка ""Ёлочка""",32,500.5,2,0.0
229,417270,Прочее,"Игровой набор ""Стирка""",32,549.0,0,5.0
230,323348,Прочее,"Игры с прищепками ""Фрукты-овощи""",32,391.5,6,5.0
231,309719,Деревянные игрушки и шнуровки,"Каталка "" Коровка "" развивающая деревянная игрушка",32,375.0,0,4.5
232,487978,Деревянные игрушки и шнуровки,Деревянная игрушка Сортер,31,549.0,0,4.8
233,2793019,Прочее,Карнавальная шляпа Ведьмы - Колдуньи на Хэллоуин. Паутина и Ведьмочка,30,499.0,0,5.0
234,2547739,Опыты и наука,"Химические опыты, эксперименты. Полимерные червячки, Коралловый риф, Смешарики, Мимимишки",30,299.0,9,5.0
235,1969380,Прочее,"Компактные развивающие игры в дорогу для малышей ""Учимся считать, читать и писать""",30,549.0,0,5.0
236,1965154,Конструкторы,"Конструктор крупный для малышей ""Трактор"", ""Пожарная машина"", большие детали",30,1237.1,9,5.0
237,1813659,Магнитные игры и одевашки,"Магнитная игра Сказка Колобок ""В гостях у сказки""",30,349.0,0,0.0
238,1375303,Деревянные игрушки и шнуровки,Пирамидка деревянная развивающая игрушка для малышей,30,399.0,0,5.0
239,1185559,Творчество и рукоделие,"Набор для рисования Bondibon ""Художник светом"". Рисуй светом в темноте",30,750.0,0,4.0
240,949725,Прочее,"Планер на неделю. Доска маркерная двусторонняя на подвесе, с маркером",30,249.0,0,5.0
241,907518,Опыты и наука,"Открытка новогодняя своими руками светящаяся. Снеговичок, Ёлочка. Набор для опытов",30,199.0,0,5.0
242,800197,Настольные и карточные игры,"Игра-викторина ""Любимые сказки"" серия Умная Сова от Bondibon",30,799.0,0,5.0
243,673006,Конструкторы,"Конструктор с инерционным механизмом гоночная машина, экскаватор, внедорожник",30,190.0,0,0.0
244,507101,Деревянные игрушки и шнуровки,"Набор игрушек для купания ""Играем в воде"", рыбалка. Сачок и три рыбки",30,319.0,0,5.0
245,416628,Настольные и карточные игры,"Детское домино ""Животные""",30,420.0,2,0.0
246,13276,Пазлы,"Пазлы - вкладыши деревянные, фигуры",30,550.0,0,5.0
247,2280409,Прочее,"Кружка новогодняя, под роспись, ""Снеговик, Пингвины с красками""",29,399.0,2,5.0
248,2234041,Прочее,Слайм  с блестками разноцветный 19 см большой,29,299.0,0,5.0
249,2212965,Настольные и карточные игры,"Дубль, Дуббль, настольная детская игра Дабл Алфавит",29,399.0,21,0.0
250,1832503,Творчество и рукоделие,"Набор для шитья ""Мягкая игрушка своими руками"" Лисичка, Мишка, Зайчик",29,615.12,25,4.8
251,1010297,"Кубики, мозаика и пирамидки","Кубики детские с картинками , 6 штук  Герои Дисней ""Пушистые истории. Королевские питомцы""",29,230.0,1,5.0
252,49050,Прочее,Музыкальный инструмент Бубен,29,270.0,0,4.8
253,2793264,Прочее,Карнавальная шляпа - конус на Хэллоуин Ведьмочка / Ведьма,28,369.0,6,4.5
254,2427107,Мягкие игрушки и театр,"Сумка детская для девочки плюшевая с ручкой Единорог, Котёнок",28,444.11,2,5.0
255,2394570,Конструкторы,"Конструктор Динозавры ""Трицератопс и бронтозавр"", звуковые эффекты",28,990.0,2,5.0
256,2324757,Прочее,Декор Новогодний своими руками. Чайный домик. Зимний домик,28,690.0,0,5.0
257,417018,"Кубики, мозаика и пирамидки","Пирамидка ""Счёты""",28,390.0,0,4.0
258,348104,Прочее,"Набор для творчества Bondibon ""Ёлочные украшения"" (паровоз, снеговик, колокольчик, лошадка)",28,549.0,1,0.0
259,38902,Прочее,Компактные развивающие игры в дорогу САМЫЙ БЫСТРЫЙ от Bondibon,28,750.0,0,5.0
260,2761366,Пазлы,"Хэллоуин. Пазл Ужасно милые корги, Ведьма, Ведьмочка, 54 элемента",27,99.0,23,0.0
261,1024152,Прочее,"Счетный материал ""Палочки для счета"", 50 штук",27,185.0,3,0.0
262,972539,Настольные и карточные игры,Шпионская мафия,27,185.0,0,0.0
263,903450,Магнитные игры и одевашки,"Магнитики новогодние С Новым годом! Магниты Дед мороз, ёлочка, снегурочка, снежинки",27,265.0,0,5.0
264,903367,Книги и обучающие материалы,Логика с пеленок. Развивающая игра Пиши-Стирай,27,495.0,12,5.0
265,522626,Прочее,Надувной круг для плавания Big Animal 72*66см 3-6 лет,27,390.0,0,5.0
266,438427,Пазлы,"Пазлы детские деревянные  для малышей ""Животные "", 4 картинки в наборе",27,420.0,20,5.0
267,1008331,Прочее,Игра для детей Сорви башню (цветная)/ Падающая башня,26,612.0,7,5.0
268,234058,Настольные и карточные игры,Зубастый динозавр cо светом и звуком настольная игра BONDIBON,26,1305.0,6,3.7
269,38891,Прочее,Компактные развивающие игры в дорогу ЛОГИЧЕСКИЕ ИГРЫ Bondibon,26,620.0,0,0.0
270,2680595,Творчество и рукоделие,"Раскраска -книжка детская. Соник, Котёнок, Тигренок, Пони, Единорог, Чебурашка, Щенок",25,149.0,60,0.0
271,1009744,Магнитные игры и одевашки,"Шахматы, шашки, Словодел  3 игры в 1 Магнитные умные игры в дорогу",25,759.0,0,5.0
272,978469,Настольные и карточные игры,"Детская настольная командная игра ""Зловещая мафия""",25,185.0,0,0.0
273,965661,Деревянные игрушки и шнуровки,"Детский коврик ""Автодорога"" +2 деревянные машинки",25,890.0,0,5.0
274,901437,Книги и обучающие материалы,"Рисовалки, обводилки. 72 задания, 36 многоразовых карточек. Пиши-Стирай",25,495.0,0,0.0
275,424627,Деревянные игрушки и шнуровки,"Деревянная игрушка - шнуровка Изюм,  ""Три кота""",25,175.0,0,5.0
276,2377508,"Кубики, мозаика и пирамидки","Конструктор, кубики Синий трактор: Алфавит, 9 шт",24,390.0,16,5.0
277,932203,Настольные и карточные игры,"Карточная настольная игра ""Вампирская мафия""",24,245.0,1,0.0
278,925140,Настольные и карточные игры,Детское Деревянное лото Домашние и дикие животные,24,415.0,0,3.0
279,925125,Настольные и карточные игры,"Лото детское ""Овощи, фрукты, ягоды"" деревянное. Настольная детская игра",24,395.0,0,0.0
280,924332,Настольные и карточные игры,"Настольная развивающая игра для малышей ""Лото детское. Половинки""",24,380.0,0,5.0
281,512278,Прочее,Радужные мыльные пузыри,24,99.0,0,5.0
282,509533,Прочее,"Круг надувной Animal с разъемными концами, 3-6лет",24,350.0,0,0.0
283,457121,Прочее,"Лабиринт ""Рыбка""",24,472.5,1,5.0
284,424614,Книги и обучающие материалы,"Часики-сортер ""Три кота"", детские обучающие часы",24,681.59,3,5.0
285,419307,Деревянные игрушки и шнуровки,"Деревянный конструктор - каталка ""Полицейская машина""",24,380.0,0,5.0
286,129019,Прочее,"""Малыши считают"", компактные развивающие игры в дорогу от Bondibon",24,549.0,0,5.0
287,13313,Деревянные игрушки и шнуровки,"Шнуровка ""Запасливый Ёжик""",24,750.0,0,5.0
288,2671058,Творчество и рукоделие,"Аппликация стразами для детей. Мозаика Лиса, набор для творчества",23,359.0,2,5.0
289,925108,Настольные и карточные игры,"Деревянное лото Собирай-ка: овощи, фрукты, грибы, цветы",23,415.0,15,5.0
290,799192,Настольные и карточные игры,"Страны мира 2, Игра-викторина серия ""Умная Сова"" Bondibon",23,791.12,2,5.0
291,539270,Прочее,"Раствор радужных мыльных пузырей, баночка  240 мл",23,180.0,0,5.0
292,1613,Деревянные игрушки и шнуровки,"Деревянная игрушка ""Весёлый жирафик"" 3 в 1: счеты, арифметические кубики, лабиринт",23,1750.0,0,5.0
293,1612,Деревянные игрушки и шнуровки,"Деревянная игрушка ""Музыкальный жирафик"" 3 в 1: счеты, арифметические кубики, ксилофон",23,1750.0,0,5.0
294,2744709,Творчество и рукоделие,Раскраска для девочек. Моя мода. Стильные тренды. Гламурные питомцы,22,149.0,8,5.0
295,2327715,Конструкторы,"Конструктор для мальчиков- трансформер ""Динозавр"", 3 варианта сборки",22,1290.0,23,5.0
296,1603250,"Животные, фигурки и наборы",Прорезыватель / грызунок для малышей в виде животных,22,239.0,69,5.0
297,507123,Пазлы,"Пазл-сортер для малышей ""Кто где живет"", развивающая деревянная игрушка",22,454.09,7,4.5
298,456824,Пазлы,"Пазлы детские деревянные для малышей ""Животные"", 4 картинки в наборе",22,420.0,17,5.0
299,350952,Деревянные игрушки и шнуровки,"Игрушка каталка ""Шнуровка лошадка"", деревянная, на верёвочке",22,375.0,5,5.0
300,172503,Прочее,"Детская активная подвижная игра ""Твистер - Пицца""",22,441.0,2,5.0
301,2678173,Настольные и карточные игры,"Настольная игра Весёлые ребусы, 30 карт, 3+",21,269.0,19,0.0
302,2539433,Прочее,"Платочек / комфортер - шуршалка для малышей. Черно-белые картинки, 20*20 см",21,390.0,0,5.0
303,2077514,Творчество и рукоделие,"Доски для выжигания, 5 штук",21,439.12,15,5.0
304,494186,Деревянные игрушки и шнуровки,Деревянная игрушка - Сортер,21,480.0,0,5.0
305,418769,"Кубики, мозаика и пирамидки",Пирамидка - счеты,21,627.9,2,5.0
306,2673434,Прочее,"Абакус. Счёты по методике Ментальная арифметика, 15 рядов",20,499.0,0,0.0
307,2518364,Творчество и рукоделие,Книга Рисуем наклейками по номерам. Создай свой шедевр!,20,449.0,0,0.0
308,2201006,Настольные и карточные игры,"Детская настольная игра ""Что я делаю?"" из серии Кто я? и Где я нахожусь?",20,399.0,2,0.0
309,2071595,Книги и обучающие материалы,"Кубики детские с картинками ""Учим алфавит"" азбука пластмассовые",20,329.0,0,0.0
310,1832834,Настольные и карточные игры,"Развивающая настольная игра в слова ""Словодел"". Составь слово",20,329.0,0,0.0
311,1813929,Книги и обучающие материалы,"Развивающая игра для малышей на липучках : Кто где живет?, Изучаем цвета",20,749.0,1,5.0
312,1058698,Пазлы,Крупные мягкие пазлы для детей 24 элемента. Дисней. Королевские питомцы. Пазлы для девочек,20,164.0,0,5.0
313,1010191,Настольные и карточные игры,"Детское домино ""Транспорт"", серия Вaby Toys",20,355.0,0,5.0
314,977687,Настольные и карточные игры,"Детская настольная игра ""Пиратская мафия""",20,217.0,0,0.0
315,703417,Книги и обучающие материалы,"Книга раскрасок антистресс, 24 листа, 12 дизайнов",20,320.0,0,5.0
316,604909,Деревянные игрушки и шнуровки,"Деревянная игрушка - шнуровка, 4 вида",20,155.0,0,5.0
317,539420,Деревянные игрушки и шнуровки,"Деревянная развивающая игрушка - шнуровка ""Ферма и Саванна""",20,325.0,21,5.0
318,434783,Прочее,"Лабиринт ""Корова""",20,472.5,13,5.0
319,416668,Деревянные игрушки и шнуровки,Деревянная игрушка Сортер с шнурками,20,510.0,0,4.8
320,353251,Деревянные игрушки и шнуровки,Деревянная музыкальная игрушка для детей Ксилофон / Металлофон,20,801.0,2,0.0
321,309712,Деревянные игрушки и шнуровки,"Каталка "" Котик "" развивающая деревянная игрушка",20,285.0,0,0.0
322,309468,"Кубики, мозаика и пирамидки",Пирамидка Alatoys Счёты,20,599.0,0,4.5
323,304606,Прочее,"Игрушка погремушка Bondibon Baby You ""Сова"" с прорезывателями",20,370.0,0,5.0
324,257980,Книги и обучающие материалы,"Книга для купания и игр в ванной ""Кто моя мама?"", Bondibon",20,180.0,0,5.0
325,190890,Прочее,Грабельки 17см,20,11.0,0,5.0
326,91618,Прочее,Мозайка детская,20,160.0,0,4.0
327,13399,Деревянные игрушки и шнуровки,Губная деревянная гармошка,20,150.0,0,4.4
328,13241,Прочее,"Сортер для развития мелкой моторики, 2х2",20,395.0,0,5.0
329,10005,Прочее,"Сортер ""Логический слонёнок""",20,550.0,0,5.0
330,2767578,Прочее,"Гирлянда на ленте на Хэллоуин Happy Halloween, кошки -тыквы",19,199.0,1,0.0
331,1607133,Пазлы,"Пазлы детские ""Животные""",19,225.0,0,5.0
332,949646,Прочее,Планшет доска для рисования маркерно-меловой двусторонний с маркером,19,275.0,0,0.0
333,419514,Прочее,"Счетный материал ""Палочки для счета"" 50 деталей",19,235.0,0,0.0
334,419328,Пазлы,"Деревянная развивающая игрушка Пазл - вкладыш ""Сафари""",19,365.0,3,5.0
335,350909,Деревянные игрушки и шнуровки,"Игрушка-каталка ""Шнуровка Коровка"", деревянная, на верёвочке",19,375.0,11,5.0
336,172429,Настольные и карточные игры,"Футбол, Боулинг, Баскетбол"" Настольная семейная игра ""3в1""",19,1439.1,6,5.0
337,134375,Прочее,Вкладыши,19,120.0,0,3.0
338,38757,Прочее,"""Найди отличия!"" - компактная развивающая игра в дорогу Bondibon",19,620.0,0,5.0
339,12919,Прочее,Автовоз,19,800.0,0,5.0
340,10659,Деревянные игрушки и шнуровки,Деревянная пирамидка,19,199.0,0,4.5
341,2189,Прочее,"Новогодние чехлы на спинку стула, 2 штуки",19,200.0,0,4.5
342,2748091,Настольные и карточные игры,"Уно / UNO/ Настольная игра на реакцию и внимание UMO momento, 70 карт, 8+",18,349.0,12,0.0
343,2691711,Книги и обучающие материалы,"Книжка-шуршалка с погремушкой. Кто как говорит? Животные фермы, Зоопарк",18,690.0,0,0.0
344,2670927,Книги и обучающие материалы,"Книга развивающая для детей. Буквенные и математические лабиринты ( ребусы, логика)",18,99.0,4,5.0
345,2224214,Прочее,"Слайм с блестками, стекло, разноцветный, большой размер",18,259.0,0,5.0
346,2016878,Настольные и карточные игры,Настольная игра для детей Новогоднее МЕМО,18,239.0,0,0.0
347,1315962,Творчество и рукоделие,"Доски для выжигания ""Любимые праздники"", 10 шт в наборе",18,781.69,18,5.0
348,10328,Прочее,"Сортировочный бокс, 80 предметов",18,760.0,0,5.0
349,3064844,Мячи и активные игры,"Игрушка развивающая для купания в ванной. Мишка /Лягушка, 3 мячика в комплекте",17,449.1,3,5.0
350,2538844,Творчество и рукоделие,Книжка-раскраска для ванны Животные Африки по методике Гленна Домана,17,417.69,8,0.0
351,2378971,Пазлы,"Пазлы детские мягкие для малышей Транспорт, Животные",17,320.0,67,5.0
352,2330948,Мягкие игрушки и театр,"Рюкзак детский плюшевый Лисёнок, Кошечка, Котик, Единорог",17,549.0,22,0.0
353,2324726,Творчество и рукоделие,"Мягкая елочная игрушка из фетра, новогодние игрушки своими руками, 6 штук",17,499.0,24,5.0
354,1999407,Прочее,"Новогодняя ёлочка. Набор для творчества, 3D модель",17,229.0,3,5.0
355,977149,Настольные и карточные игры,"Настольная игра Денежка ""Играем в магазин. Покупаем всякую всячину""",17,409.2,26,0.0
356,938635,Магнитные игры и одевашки,"Магнитная игра, Мозаика детская на магните",17,400.5,2,5.0
357,172465,Настольные и карточные игры,"Настольная семейная игра ""Весёлые кольца""",17,810.0,0,0.0
358,38897,Прочее,Логические игры. Серия Компактные развивающие игры в дорогу,17,750.0,0,0.0
359,1640,Прочее,"Коврик для рисования ""Автобус"", 58х48 см",17,350.0,0,5.0
360,2976090,Прочее,"Кружка Новогодняя детская, сублимация, Холодное сердце, Микки Маус, Пони, керамика, 350 мл",16,419.0,98,5.0
361,1999473,Прочее,Ёлка новогодняя с игрушками. Дереявянная ёлочка для декора,16,711.0,10,5.0
362,1610616,Настольные и карточные игры,Настольная игра Крестики-нолики с деревянными фишками и полем,16,225.0,0,5.0
363,1010260,"Кубики, мозаика и пирамидки","Пластмассовые кубики ""Принцессы"" Disney, 6 штук",16,230.0,2,0.0
364,938755,Мягкие игрушки и театр,"Кукла-перчатка ""Единорог""",16,255.0,0,5.0
365,605559,Книги и обучающие материалы,"Деревянная развивающая игрушка - пазл ""Азбука"" буквы русского алфавита",16,849.0,9,5.0
366,419588,Деревянные игрушки и шнуровки,"Шнуровка ""Динозавр""",16,180.0,0,5.0
367,414790,Настольные и карточные игры,"Игра Мемори ""Автомобили"" развивающая детская деревянная игра Мемо",16,449.0,0,5.0
368,309197,Пазлы,"Пазл Коржик ""Три кота"" развивающая деревянная игрушка",16,210.0,0,5.0
369,258075,Деревянные игрушки и шнуровки,"Набор игровой Вondibon Играем в воде, РЫБАЛКА 6 рыбок",16,380.0,0,0.0
370,77700,"Кубики, мозаика и пирамидки",Пирамидка,16,300.0,0,5.0
371,39115,Прочее,Марионетки Куклы/Пираты/Динозавры - Набор для творчества  от BONDIBON.,16,220.0,0,5.0
372,37714,Прочее,Игровой набор для купания,16,390.0,0,5.0
373,9868,Прочее,"Игрушка-балансир ""Голубка""",16,599.0,0,5.0
374,2334363,Мягкие игрушки и театр,"Мягкая игрушка ""Акула""",15,584.1,15,5.0
375,1999475,"Животные, фигурки и наборы",Пальчиковый театр Животные,15,494.1,25,5.0
376,1009106,Книги и обучающие материалы,"Развивающая игра в дорогу пиши стирай ""Я рисую"" для рисования",15,469.0,0,5.0
377,1008255,Настольные и карточные игры,"Детская настольная игра ""Сорви башню"" или ""Падающая башня""",15,499.0,0,5.0
378,897689,Магнитные игры и одевашки,Зоопарк. Магнитные истории Всякая всячина,15,219.0,0,5.0
379,694142,Книги и обучающие материалы,Изучаем цвета и формы на липучках. Компактные развивающие игры в дорогу малышам,15,750.0,0,0.0
380,688940,Прочее,"Надувной круг с сидением модели для малышей ""My baby Float"" 67см 1-2 года",15,480.0,0,0.0
381,684903,Конструкторы,"Конструктор  ""Пожарная Служба"" Вертолет, Пожарная машина, Пожарный пост",15,285.0,0,5.0
382,683622,Прочее,"Надувной круг 91 см, от 9лет 3 цвета",15,490.0,0,5.0
383,605138,Прочее,"Игры с прищепками ""Учим буквы"" Алатойс",15,405.0,2,0.0
384,506842,Книги и обучающие материалы,"Книга для купания и игр в ванной, Курочка Ряба, 15х15 см",15,210.0,0,5.0
385,452353,Деревянные игрушки и шнуровки,"Деревянная игрушка - ""Шнуровка кеда""",15,408.03,2,5.0
386,424631,Деревянные игрушки и шнуровки,"Деревянная игрушка-шнуровка Нудик, ""Три кота""",15,135.0,0,0.0
387,424624,Деревянные игрушки и шнуровки,"Деревянная игрушка - шнуровка Шуруп, ""Три кота""",15,175.0,0,5.0
388,424620,Деревянные игрушки и шнуровки,"Деревянная игрушка-шнуровка Горчица, ""Три кота""",15,175.0,0,5.0
389,419365,Деревянные игрушки и шнуровки,"Шнуровка ""Кролик Ребекка"" Алатойс",15,150.0,0,0.0
390,304814,Прочее,Набор игрушек для купания Bondibon Baby You 7 предметов с крокодилом,15,345.0,0,4.5
391,122522,Прочее,Набор погремушек Bondibon Baby You Гантельки 2 шт.,15,199.0,0,5.0
392,112280,"Кубики, мозаика и пирамидки",Пирамидка Животные,15,550.0,0,5.0
393,107069,"Животные, фигурки и наборы",Геометрические фигуры - развивающие игрушки Монтессори,15,150.0,0,5.0
394,77988,Прочее,Cчетные палочки цветные 100 шт,15,100.0,0,5.0
395,36210,Прочее,Игра Дженга / Падающая башня,15,510.0,0,0.0
396,31655,Прочее,Игрушка для развития моторики Серпантинка,15,850.0,0,5.0
397,2185,Прочее,"Новогодние декоративные наволочки, 45х45 см",15,199.0,0,0.0
398,2694925,Книги и обучающие материалы,Нейропсихологический набор. Развивающие карточки для детей,14,290.0,6,0.0
399,2409477,"Кубики, мозаика и пирамидки",Мягкие кубики для малышей Собери картинку. Алфавит. Мякиши,14,890.0,1,0.0
400,2336930,"Животные, фигурки и наборы","Конструктор робот «Полицейский транспорт», 6 видов",14,399.0,16,0.0
401,2334426,Конструкторы,"Конструктор блочный, для девочек",14,549.0,15,5.0
402,1832639,"Кубики, мозаика и пирамидки","Мозаика детская напольная с крупными фишками, Развивающая игрушка",14,408.59,16,0.0
403,1197721,Настольные и карточные игры,"Лото для детей ""Методика Сегена""",14,499.0,0,0.0
404,1031028,Магнитные игры и одевашки,Магнитная игра Арифметика с заданиями. Набор магнитных цифр Учимся считать,14,456.0,0,0.0
405,1009646,"Кубики, мозаика и пирамидки",Кубики с английским алфавитом ABC,14,325.0,16,0.0
406,897699,Магнитные игры и одевашки,"Игра ""Магнитные истории. Всякая всячина. Зоопарк"", 6 зверей",14,219.0,1,0.0
407,683697,Конструкторы,"Конструктор Стройка: экскаватор, кран",14,468.0,1,5.0
408,453833,Деревянные игрушки и шнуровки,"Деревянная игрушка Сортер, 15 х 15 см",14,454.09,3,0.0
409,419229,Конструкторы,"Конструктор - каталка ""Пожарная машина""",14,690.0,0,5.0
410,350936,Деревянные игрушки и шнуровки,Каталка Лев деревянная развивающая игрушка шнуровка 2в1,14,375.0,0,0.0
411,258084,Прочее,"Набор игрушек для купания Bondibon Baby You ""Стаканчики с лейкой-китом""",14,290.0,0,5.0
412,70281,Деревянные игрушки и шнуровки,"Деревянная пирамидка, 21 см",14,10.0,0,4.3
413,1965188,"Животные, фигурки и наборы","Конструктор  ""Железная дорога"", Транспорт, Поезд",13,801.0,7,4.0
414,608800,"Животные, фигурки и наборы","Игры с прищепками ""Весёлые зверята""",13,409.5,4,0.0
415,419317,Пазлы,"Деревянная игрушка, пазл-вкладыш ""Ферма""",13,355.0,7,5.0
416,419199,"Кубики, мозаика и пирамидки","Пирамидка детская Алатойс ""Счёты"", учимся считать",13,531.0,9,5.0
417,2204,Прочее,Новогодняя сумка для подарков,13,130.0,0,5.0
418,1798,Прочее,"Новогодняя скатерть, 132 х 208 см",13,650.0,0,4.5
419,4103708,Прочее,Кошелёк детский. Монетница. Котята,12,199.0,12,0.0
420,3064910,Прочее,"Сумка детская для девочки ""Лисичка"", на клапане",12,381.81,38,5.0
421,1606961,Деревянные игрушки и шнуровки,"Игрушка развивающая ""Геоборд"", деревянная",12,875.0,0,0.0
422,1266595,Книги и обучающие материалы,"Эмоции, развивающая игра для малышей, пластик на липучках",12,699.0,3,5.0
423,1248134,Пазлы,Пазл для заполнения. Чистый пустой пазл,12,210.0,3,0.0
424,1092264,"Животные, фигурки и наборы",Коврик детский Автодорога +1 машинка,12,756.5,3,0.0
425,871312,Прочее,"Игрушка ""Утенок на колесиках""",12,142.0,0,4.0
426,869182,Конструкторы,Конструктор Sluban Builder mini,12,85.0,0,0.0
427,693665,Творчество и рукоделие,"Водная многоразовая раскраска с трафаретами для рисования Коврик ""Весёлый счёт"", 2 ручки",12,674.1,2,0.0
428,684925,Творчество и рукоделие,"Коврик-водная многоразовая раскраска для рисования, 35 х 50 см",12,599.0,0,0.0
429,447131,Прочее,"Сортер - тетрис ""Логический квадрат""",12,450.0,0,5.0
430,50192,Конструкторы,Яйцо с конструктором Динозавры,12,190.0,0,5.0
431,50191,Конструкторы,Яйцо с конструктором Монстры,12,190.0,0,5.0
432,2188,Прочее,"Рождественский носок, 45 см",12,350.0,0,5.0
433,1807,Прочее,Новогодние чехлы для столовых приборов,12,35.0,0,0.0
434,253,Прочее,"Игрушка-стучалка ""Лягушонок Леон""",12,550.0,0,5.0
435,2394719,Конструкторы,Конструктор Синий трактор,11,349.0,9,5.0
436,1031416,Настольные и карточные игры,"Настольная детская развивающая игра ""Смелые зайцы"" Серия Baby Toys Gаmes",11,468.0,0,5.0
437,925180,Настольные и карточные игры,Детская настольная игра Лото для малышей. Животные,11,625.0,0,5.0
438,903648,Творчество и рукоделие,"Набор для вышивания Дед Мороз, Вышивка крестиком, Новогодняя",11,249.0,19,0.0
439,418604,"Кубики, мозаика и пирамидки",Пирамидка Ступеньки 10 деталей,11,900.9,4,0.0
440,234369,Настольные и карточные игры,"Игра бродилка ходилка ""Путешествие по сказке"" Красная шапочка, Колобок, Теремок",11,274.0,0,5.0
441,110318,Прочее,Набор для рисования,11,400.0,0,0.0
442,38040,Прочее,Доска-вкладыши,11,230.0,0,5.0
443,13242,Деревянные игрушки и шнуровки,"Деревянный сортер ""Тетрис"" - Собери квадрат",11,400.0,0,5.0
444,2158,Прочее,"Подсвечник ""Фонарь на держателе"", 21 см",11,330.0,0,5.0
445,2051,"Животные, фигурки и наборы","Игрушка-вкладыши ""Животные""",11,199.0,0,5.0
446,2677928,Настольные и карточные игры,"Настольная игра для детей Умножаем на раз-два, Учим таблица умножения",10,399.0,0,5.0
447,2670935,Творчество и рукоделие,"Нейропсихологический набор пиши-стирай Рисуй двумя руками. Шаг 1, 20 карт, Маша и Медведь",10,390.0,10,5.0
448,2448668,"Животные, фигурки и наборы",Набор для рисования на воде Эбру серия Magic ART (с фигурками),10,890.0,0,0.0
449,2326576,Конструкторы,"Конструктор блочный ""Кафе-кондитерская""",10,890.0,14,5.0
450,2209241,Настольные и карточные игры,Словесный батл. Составь слово. Настольная игра в слова,10,599.0,0,0.0
451,2209183,Настольные и карточные игры,"Настольная игра для большой компании, Sketch ""Батл Челлендж"" на опознавание слов",10,599.0,0,5.0
452,1965306,Творчество и рукоделие,"Набор для творчества Вырезай-ка ""Аппликация. Учимся вырезать""",10,269.0,0,0.0
453,1815084,Книги и обучающие материалы,"Развивающая игра на липучках: ""Кто что ест?"", изучаем фигуры",10,649.0,18,0.0
454,1501932,Деревянные игрушки и шнуровки,"Игра головоломка деревянная ""Танграм"" цветная",10,299.0,0,5.0
455,1501919,Деревянные игрушки и шнуровки,"Игра головоломка деревянная ""Танграм""",10,299.0,0,5.0
456,1208583,Прочее,Календарь. Семейный планер на 2022 год,10,480.0,0,5.0
457,1030892,Магнитные игры и одевашки,Магнитная игра Арифметика с заданиями европодвес,10,256.0,0,0.0
458,1009494,Книги и обучающие материалы,"Судоку 8+, Игры в дорогу",10,456.0,0,5.0
459,1009455,Книги и обучающие материалы,"Логические игры для детей. ""Логикум"". Игры в дорогу",10,456.0,0,0.0
460,1009202,Прочее,"Логические игры в дорогу. Тактик-Турнир, 8+",10,456.0,0,4.0
461,949794,Прочее,Планшет маркерно-меловой двусторонний,10,215.0,0,5.0
462,949713,Прочее,"Доска маркерная двусторонняя ""Чек-Лист""",10,249.0,0,0.0
463,949689,Прочее,Доска маркерная двусторонняя + маркер стирающийся. Расписание,10,249.0,0,0.0
464,907397,Творчество и рукоделие,Елочка. Набор для вышивки новогодний (блистер),10,145.0,0,0.0
465,903558,Настольные и карточные игры,Pizza Party. Кто быстрее приготовит пиццу? Настольная игра,10,750.0,0,0.0
466,901629,Книги и обучающие материалы,"Ребусы, кроссворды. Развивающая игра Пиши-Стирай",10,430.65,4,0.0
467,899320,Пазлы,Контурные пазлы Обитатели моря. Первые пазлы малыша,10,355.0,10,0.0
468,868850,Книги и обучающие материалы,Головоломка змейка,10,120.0,0,0.0
469,844757,Деревянные игрушки и шнуровки,"Бизиборд деревянный ""Часы-календарь"", обучающий",10,750.0,0,0.0
470,711573,Деревянные игрушки и шнуровки,"Пазл, рыбалка, конструктор. Деревянная игра 3в1",10,1215.0,18,5.0
471,693644,Прочее,Детский коврик для рисования - коврик для детей 39 х 29 см + 2 ручки,10,549.0,0,0.0
472,674440,Настольные и карточные игры,"Настольная игра ""Геоборд"" двусторонний с 10 карточками сюжетами",10,849.0,0,0.0
473,608842,Деревянные игрушки и шнуровки,"Деревянная игрушка - шнуровка ""Сыр""",10,190.0,0,0.0
474,605590,Пазлы,"Пазлы детские ""Кто чья мама?""",10,450.0,0,0.0
475,535109,"Кубики, мозаика и пирамидки","Кубики ""Весёлая арифметика"" или учимся считать, Умные кубики. Цифры, 12 шт",10,255.0,0,0.0
476,512391,Прочее,"Набор для создания аксессуаров из бусин, пластик",10,280.0,0,5.0
477,510143,Прочее,"Мыльные пузыри ""Волшебные пузырьки""",10,180.0,0,4.0
478,494154,Деревянные игрушки и шнуровки,Деревянная игрушка- Шнуровка Бабочка,10,110.0,0,0.0
479,488061,Деревянные игрушки и шнуровки,Шнуровка Паровоз,10,110.0,0,0.0
480,456703,Прочее,"Набор прищепок ""Учимся считать""",10,160.0,0,5.0
481,416650,Прочее,Сортер Шарики,10,441.0,10,0.0
482,416614,Настольные и карточные игры,"Детское домино ""Фрукты-овощи""",10,420.0,21,5.0
483,352738,Деревянные игрушки и шнуровки,Деревянный сортер 21 - Алатойс,10,590.0,0,0.0
484,322908,Пазлы,"Набор деревянных Пазлов ""Животные""",10,299.0,0,0.0
485,322639,"Животные, фигурки и наборы",Сортер Дроби-фигуры,10,390.0,0,5.0
486,322236,Прочее,Сортер Алатойс,10,499.0,0,0.0
487,309622,Деревянные игрушки и шнуровки,"Шнуровка ""Яблоко"" развивающая деревянная игрушка",10,200.0,0,0.0
488,309195,Пазлы,"Пазл Компот ""Три кота""  развивающая деревянная игрушка",10,210.0,0,0.0
489,304383,Прочее,"Набор погремушек Bondibon Baby You ""Мороженое, Кот"" 2 шт.",10,190.0,0,5.0
490,304361,Прочее,"Набор погремушек Bondibon Baby You ""Бабочка, Овечка"" 2 шт.",10,190.0,0,5.0
491,190717,Прочее,Набор для песка Disney «Винни и его друзья» Полесье,10,150.0,0,5.0
492,172676,Прочее,Грабельки для игр в песочнице,10,12.0,0,5.0
493,172618,Прочее,"Набор для песка №34 (розовый, голубой)",10,250.0,0,0.0
494,172595,Прочее,Набор для песка № 11 (111/1+029+сред.сито+003+004) НОРДПЛАСТ,10,299.0,0,0.0
495,172558,Прочее,Цветные столбики,10,250.0,0,0.0
496,172547,Прочее,"Карточная игра ""Крокодильчик""",10,220.0,0,0.0
497,172514,Настольные и карточные игры,"Настольная семейная игра ""ПАДАЮЩАЯ БАШНЯ""",10,711.0,6,5.0
498,156519,"Животные, фигурки и наборы","Мягкие животные 2в1 Bondibon Вывернушка, 17 см",10,390.0,0,5.0
499,131404,"Животные, фигурки и наборы",Игрушка - каталка Животные,10,350.0,0,3.0
500,122541,Прочее,Игрушка-погремушка Bondibon Baby You Лев с прорезывателями,10,269.0,0,0.0
501,122215,Прочее,Игрушка - погремушка Bondibon Baby You Жираф с прорезывателями,10,495.0,0,0.0
502,122211,Прочее,Набор игрушек для купания в ванной Сачок-акула и 3 рыбки Bondibon Baby You,10,450.0,0,5.0
503,89482,Прочее,Кастаньетки,10,99.0,0,0.0
504,77696,Деревянные игрушки и шнуровки,Набор деревянных инструментов,10,690.0,0,0.0
505,70284,Книги и обучающие материалы,"Головоломка "" Ханойская башня """,10,550.0,0,0.0
506,39096,Прочее,"Набор игрушек для купания BONDIBON - ""Корабль, дельфин, утенок, черепаха""",10,300.0,0,0.0
507,38919,Магнитные игры и одевашки,"Магнитная игра для путешествий Тангос ""Животные""",10,890.0,0,5.0
508,31666,Прочее,Сортер 2 в 1 для развития мелкой моторики,10,550.0,0,5.0
509,30784,Деревянные игрушки и шнуровки,Деревянная игрушка - конструктор Ёжик,10,690.0,0,0.0
510,29845,Деревянные игрушки и шнуровки,Деревянный конструктор - балансир Кактус,10,950.0,0,0.0
511,13270,Прочее,"Игра ""Джэнга"", 6 цветов",10,490.0,0,0.0
512,9902,"Кубики, мозаика и пирамидки","Кубики, 9 штук",10,170.0,0,0.0
513,2197,Прочее,"Декоративные наволочки 45х45 см , 2 штуки",10,150.0,0,0.0
514,2183,Прочее,"Новогодние декоративные наволочки, 45х45 см",10,199.0,0,5.0
515,358,"Кубики, мозаика и пирамидки","Мозаика ""Пуговицы""",10,650.0,0,5.0
516,2974158,Прочее,"Электронный музыкальный плакат игрушка Новогодний, звук",9,499.0,11,0.0
517,2566136,Книги и обучающие материалы,Развивающие чёрно-белые карточки на кольце Животные по методике Г. Домана,9,299.0,11,5.0
518,2348487,Прочее,"Игрушка мягкая Зайка Мия с длинными ушками в подарок девочке, Мякиши 30 см",9,1299.0,0,0.0
519,2330047,Конструкторы,"Конструктор для девочек ""Океанариум""",9,1990.0,1,5.0
520,2297240,Прочее,"Набор развивающих игр для малышей ""Учись, играя!"" 7 в 1",9,1590.0,4,0.0
521,2293945,Прочее,"Декор своими руками ""С Новым годом!""",9,289.0,17,5.0
522,2208171,Пазлы,"Пазлы MAXI Baby Toys ""Собирай цвета"" для малышей",9,449.1,3,5.0
523,1248715,Магнитные игры и одевашки,Планер магнитный А4 с маркером,9,290.0,0,4.0
524,1170891,Прочее,Набор для творчества Ёлочные украшения Подарок на новый год,9,299.0,0,5.0
525,1122616,Настольные и карточные игры,"Лото для детей развивающее ""Кем быть?""",9,215.0,0,0.0
526,1092089,Прочее,"Набор для фото и видеосъёмки: Светодиодная кольцевая селфи лампа, микрофон, штатив, линзы",9,1879.06,8,3.0
527,1034286,Пазлы,"Пазлы детские деревянные в рамке ""Лесные животные""",9,390.0,20,0.0
528,1033663,Настольные и карточные игры,"Обучающее лото для детей ""Зоопарк"", изучаем животных",9,199.0,0,5.0
529,1009360,Книги и обучающие материалы,"Логические игры в дорогу ""Вокруг слов"" с многоразовыми страничками Пиши-стирай",9,434.13,1,0.0
530,950441,Настольные и карточные игры,"Домино детское в картинках ""Для девчонок"" Вaby Toys",9,355.0,11,5.0
531,703273,"Животные, фигурки и наборы",Лягушка - сачок и животные. Набор для игр в ванной,9,560.0,0,5.0
532,608831,Пазлы,"Пазлы ""Кто что ест?"" из дерева",9,426.79,2,0.0
533,605434,Прочее,"Игры с прищепками ""Учим цифры""",9,405.0,7,3.0
534,539193,"Животные, фигурки и наборы","Надувной круг ""Милые зверята"" до 40кг, от 8 лет, 3 вида",9,380.0,0,3.0
535,507076,Прочее,Нарукавники Тропические приятели  INTEX 3-6 лет,9,190.0,0,0.0
536,419338,Деревянные игрушки и шнуровки,"Шнуровка ""Почтальон зебра Зои"" Свинка Пеппа",9,150.0,7,0.0
537,416642,Деревянные игрушки и шнуровки,Сортер и Балансир. Развивающая деревянная игрушка 2 в 1,9,681.59,4,5.0
538,348051,Прочее,"Набор для творчества Bondibon ""Ёлочные украшения"" Снеговичок",9,280.0,14,5.0
539,322913,Пазлы,"Пазлы детские деревянные ""Транспорт"", 4 картинки в наборе",9,355.0,0,0.0
540,304389,Прочее,"Набор погремушек Bondibon Baby You ""Птичка, ёж"" 2 шт.",9,190.0,0,5.0
541,190841,Прочее,"Набор игровой для песка: Ведерко, лопатка, грабли, формочки",9,390.0,9,0.0
542,102650,Прочее,"Набор для творчества Bondibon ""Ёлочные украшения""",9,286.0,0,5.0
543,37930,Магнитные игры и одевашки,"Магнитный конструтор, разборная модель",9,550.0,0,5.0
544,13321,Прочее,Свинка на облаке,9,250.0,0,5.0
545,10198,Пазлы,"Деревянный пазл ""Семья кроликов""",9,599.0,0,0.0
546,6706,Деревянные игрушки и шнуровки,"Конструктор деревянный в ящике, 26 деталей",9,150.0,0,0.0
547,2161,Прочее,Подсвечник в винтажном стиле,9,299.0,0,5.0
548,2155,Прочее,"Подсвечник ""Фонарь"", 13 см",9,299.0,0,5.0
549,2973506,Прочее,"Мялка антистресс тянучка Собака, с песком",8,249.0,3,0.0
550,2882998,Творчество и рукоделие,"Книжка-раскраска водная многоразовая Рисуем водой. Загадки, Найди и покажи",8,449.0,72,0.0
551,1315832,Магнитные игры и одевашки,"Шашки, шахматы, ""Крестики-нолики, Кто первый?"", магнитные игры, 4в1",8,340.0,7,0.0
552,924218,Настольные и карточные игры,"Лото детское, настольная игра для детей ""Силуэты""",8,454.09,16,0.0
553,924104,Книги и обучающие материалы,Лото для детей Азбука русский алфавит. Детское лото,8,454.09,16,0.0
554,868993,Конструкторы,Конструктор Sluban,8,175.0,0,0.0
555,672980,Конструкторы,Конструкторы Sluban Строительная техника,8,140.0,0,5.0
556,134368,Пазлы,"Пазл ""Часы""",8,349.0,2,5.0
557,89505,Прочее,Мозайка,8,1149.0,0,0.0
558,58566,Прочее,Водный пистолет в ассортименте,8,150.0,0,0.0
559,39252,Магнитные игры и одевашки,Ноев ковчег - Магнитная игра Bondibon для путешествий,8,620.0,0,5.0
560,39117,Прочее,"""Найди отличия. Новогодняя серия""  Мини игры в дорогу от Bondibon",8,590.0,0,5.0
561,35817,Деревянные игрушки и шнуровки,"Деревянная игрушка - балансир ""Слонёнок""",8,350.0,0,5.0
562,13773,Пазлы,Контурные пазлы 6 картинок в коробке,8,350.0,0,5.0
563,326,Прочее,Ксилофон,8,380.0,0,5.0
564,2974154,Книги и обучающие материалы,"Активити - книга новогодняя ""Найди и покажи. Мы встречаем Новый год""",7,149.0,33,5.0
565,2796031,Пазлы,Пазл светящийся в темноте Ночь ужасов. Подарок на Хэллоуин,7,399.0,13,0.0
566,2398639,Конструкторы,"Конструктор детский для девочек "" На воздушном шаре"", "" Пляжный отдых""",7,490.0,7,5.0
567,2381835,Конструкторы,"Конструктор для девочек Единорог, Pixi",7,369.0,34,5.0
568,1607110,Пазлы,"Пазлы детские ""Животные""",7,199.0,12,5.0
569,969352,Магнитные игры и одевашки,"Магнитная Карта мира Двусторонняя ""Животные и Достопримечательности"" + магнитные фигуры",7,891.0,3,5.0
570,799463,Настольные и карточные игры,"Достопримечательности мира, Игра-викторина ""Умная Сова"" Bondibon",7,799.0,0,5.0
571,535086,Деревянные игрушки и шнуровки,Сортер - Часики. Обучающие часы. Развивающая деревянная игрушка 2 в 1,7,590.59,16,5.0
572,506870,Прочее,"Игровой набор для купания и игр в ванной ""Стаканчики"", Bondibon",7,499.0,3,0.0
573,352884,Деревянные игрушки и шнуровки,"Деревянная развивающая игрушка Сортер ""Геометрические фигуры""",7,450.0,0,3.0
574,234059,Настольные и карточные игры,Зубастая собака со светом и звуком настольная игра BONDIBON,7,850.0,0,0.0
575,190956,Прочее,"Набор для песка ""Башня""",7,250.0,3,0.0
576,172620,Прочее,Набор для песка в сетке 14см,7,99.0,0,5.0
577,39264,Прочее,ЛОГИЧЕСКИЕ ИГРЫ. Новогодняя серия -Компактные развивающие игры в дорогу  Bondibon,7,320.0,0,0.0
578,39257,Магнитные игры и одевашки,ПИНГВИНЫ на параде-Магнитная игра Bondibon для путешествий,7,620.0,0,0.0
579,35657,Прочее,"Сортер ""Львёнок""",7,550.0,0,5.0
580,2974167,Творчество и рукоделие,"Игрушка из фетра своими руками на новый год Сияющий гномик, набор для творчества",6,390.0,14,5.0
581,2677934,Настольные и карточные игры,"Настольная игра для детей. Хватайка-умножайка, Учим таблицу умножения",6,349.0,4,5.0
582,2411605,Настольные и карточные игры,"Настольная детская игра Найди отличия Холодное сердце, Синий трактор",6,269.0,14,5.0
583,2336340,Конструкторы,"Конструктор Машина - Трансформер с инерционным механизмом ""Гоночный автомобиль"", суперкар",6,1161.0,14,0.0
584,1986092,Настольные и карточные игры,"Настольная игра ""Коридорный лабиринт""",6,1649.0,3,5.0
585,1185771,Настольные и карточные игры,"Игра настольная Денежка ""Играем в магазин. Покупаем одежду и обувь""",6,465.0,5,0.0
586,978574,Настольные и карточные игры,"Мафия детская ""Зоопарк"" Настольная игра для детей",6,230.0,4,0.0
587,684653,Конструкторы,"Конструктор Автомобиль AUSINI, 3 варианта сборки, 143 детали",6,510.0,0,5.0
588,434771,Деревянные игрушки и шнуровки,Деревянный сортер Свинка Пеппа,6,399.0,4,0.0
589,309652,Деревянные игрушки и шнуровки,"Шнуровка ""Дерево"", развивающая, деревянная игрушка",6,405.0,9,5.0
590,172653,Прочее,Набор для песка №47,6,290.0,0,0.0
591,138708,Пазлы,"Пазлы ""Где мой малыш?""- настольная игра Bondibon",6,450.0,0,5.0
592,125550,Настольные и карточные игры,"Настольная игра домино ""Калейдоскоп. Игра на внимание""",6,454.09,7,0.0
593,122615,Мягкие игрушки и театр,Мягкая игрушка-погремушка Bondibon Baby You с прорезывателем,6,300.0,0,5.0
594,122190,Прочее,Набор погремушек Bondibon Baby You 2 шт,6,144.0,0,0.0
595,110360,"Животные, фигурки и наборы",Набор объёмных геометрических фигур из дерева,6,650.0,0,5.0
596,89514,Прочее,Творческая Мозайка с 10  картинками - основами,6,1250.0,0,5.0
597,56807,Прочее,Держатель игрушек для ванной комнаты,6,350.0,0,0.0
598,35438,Прочее,Развивающая игрушка - балансир Весы,6,550.0,0,5.0
599,13408,Прочее,Бубен,6,147.0,0,0.0
600,4028493,Книги и обучающие материалы,"Книжка для малышей Чуковский К, Айболит, Крокодил",5,139.0,15,0.0
601,2336173,Конструкторы,"Конструктор ""Акула"", 3 варианта сборки",5,1290.0,16,5.0
602,2330939,Конструкторы,"Конструктор для девочек ""Фургон кафе-мороженое"", блочный",5,1690.0,15,0.0
603,2213199,Пазлы,"Пазлы Животные для детей ""Забавные зверюшки"", ""Звери и профессии""",5,499.0,12,0.0
604,2200670,Настольные и карточные игры,Кто я ? Кто ты? Настольная детская игра Тарантинки,5,599.0,9,0.0
605,1528875,Настольные и карточные игры,"Настольная детская игра на логику ""Динозавры. Подземные клады""",5,1149.0,0,0.0
606,1500384,Деревянные игрушки и шнуровки,"Деревянная развивающая игра на логику ""Весёлые столбики"", методика Монтессори",5,790.0,0,0.0
607,1141961,Прочее,"Набор для творчества ""Новогодние украшения: Снеговик""",5,399.0,8,5.0
608,1030262,Настольные и карточные игры,"Лото ""Профессии"" детская развивающая игрушка",5,499.0,0,0.0
609,949875,Книги и обучающие материалы,"Игра развивающая ""Часы. Я считаю. Времена года""",5,349.0,20,5.0
610,938919,Мягкие игрушки и театр,"Кукла-перчатка ""Тигр"" ",5,255.0,0,0.0
611,938320,Настольные и карточные игры,"Игра настольная Домовой, поиграй со мной!",5,580.0,0,0.0
612,809789,Настольные и карточные игры,"Весёлый зоопарк, Игра-викторина серии ""Умная Сова"" от Bondibon",5,659.0,0,0.0
613,799230,Настольные и карточные игры,"Профессии и специальности Игра-викторина ""Умная Сова"" Bondibon",5,799.0,0,0.0
614,694190,Магнитные игры и одевашки,"Магнитные сказки ""Колобок и репка""",5,450.0,0,0.0
615,689439,Прочее,"Игрушка развивающая ""Чудо месяц"",свет, звук,проектор Play Smart",5,1350.0,0,0.0
616,684633,Конструкторы,"Конструктор Капитан AUSINI, 2 в 1, 132 детали",5,380.0,0,0.0
617,683386,"Животные, фигурки и наборы","Музыкальный коврик ""Животный мир"" с русским озвучиванием и полем для рисования",5,950.0,0,0.0
618,608858,Деревянные игрушки и шнуровки,"Деревянная развивающая игрушка Шнуровка ""Груша""",5,230.0,0,5.0
619,605530,Деревянные игрушки и шнуровки,"Конструктор деревянный ""Городок"" от Алатойс",5,690.0,0,0.0
620,537474,Прочее,Маска для плавания детская краб и акула,5,530.0,0,0.0
621,494267,Конструкторы,Конструктор Городок 27 деталей наполовину окрашенный,5,990.0,0,0.0
622,494235,Деревянные игрушки и шнуровки,Конструктор Городок 40 деталей наполовину окрашенный с деревянным ящиком в комплекте,5,1345.0,0,0.0
623,456844,Прочее,"Металлофон ""Совушка"" от Алатойс",5,680.0,0,0.0
624,456739,"Кубики, мозаика и пирамидки",Набор Кубики 12 деталей от Алатойс,5,450.0,0,5.0
625,451386,Прочее,Каталка Собачка,5,350.0,0,0.0
626,447006,Деревянные игрушки и шнуровки,"Деревянная игрушка Шнуровка ""Транспорт""",5,320.0,0,0.0
627,434764,Деревянные игрушки и шнуровки,"Деревянная игрушка - Сортер ""Домик""",5,370.0,0,5.0
628,419620,Пазлы,"Пазл Сортер деревянный для малышей - Животные: Утка, собака, медведь, лошадь""",5,412.0,14,5.0
629,367996,Настольные и карточные игры,Игра Мемори,5,550.0,0,5.0
630,367763,Деревянные игрушки и шнуровки,Шнуровка Ёжик,5,250.0,0,0.0
631,367754,Пазлы,"Пазл Карамелька ""Три кота""",5,230.0,0,0.0
632,353106,Прочее,Бизиборд Непоседа Alatoys,5,1400.0,0,0.0
633,352956,Прочее,"Лабиринт ""Дружба"" Три кота",5,440.0,0,0.0
634,352644,Деревянные игрушки и шнуровки,Деревянный сортер 20,5,558.0,0,5.0
635,348150,Прочее,"Набор для творчества Bondibon""Ёлочные украшения"" Дед Мороз",5,210.0,0,0.0
636,348032,Прочее,"Набор для творчества Bondibon""Ёлочные украшения"" Домик Снеговичка Набор для творчества Bondibon""Ёлочные украшения"" Домик Снеговичка",5,210.0,0,0.0
637,323357,Прочее,"Игры с прищепками ""Учим буквы""",5,330.0,0,0.0
638,323133,Деревянные игрушки и шнуровки,Деревянная игрушка - Сортер,5,650.0,0,5.0
639,322915,Пазлы,"Детские деревянные пазлы Алатойс ""Животные""",5,220.0,0,5.0
640,322890,Прочее,Ксилофон Кот,5,550.0,0,5.0
641,322881,Прочее,"Бизиборд ""Сказка про репку""",5,1450.0,0,0.0
642,322874,Прочее,"Бизиборд ""Развивайка""",5,1450.0,0,0.0
643,322823,Пазлы,"Деревянная игрушка - Пазл "" Фигуры "" от Alatoys",5,360.0,0,0.0
644,322535,Пазлы,"Деревянная игрушка - Пазл ""Фигуры""",5,290.0,0,0.0
645,309903,Прочее,Сортер от Alatoys,5,650.0,0,5.0
646,172680,Прочее,"3в1 Шахматы, Нарды, Шашки ,  Удачная партия от Bondibon",5,499.0,0,0.0
647,172542,Настольные и карточные игры,"""Эврика детская"" игра настольная",5,460.0,0,5.0
648,172443,Настольные и карточные игры,"Настольная обучающая игра ""Спрячь крота"" Bondibon",5,850.0,0,5.0
649,172399,Настольные и карточные игры,"Настольная семейная игра ""КРЕСТИКИ - НОЛИКИ""",5,393.0,0,5.0
650,122516,Прочее,Погремушка-прорезыватель Bondibon Baby You Цветок,5,187.0,0,0.0
651,122371,Прочее,Погремушка-прорезыватель Bondibon Baby You Пчелка,5,190.0,0,0.0
652,122353,Прочее,Погремушка Bondibon Baby You Цветочек с прорезывателями,5,190.0,0,0.0
653,116525,Прочее,"Игрушка - погремушка мягкая СОВА, 16 см",5,312.0,0,5.0
654,78784,Прочее,"Игрушка - стучалка ""Милый козлёнок""",5,580.0,0,5.0
655,50193,Деревянные игрушки и шнуровки,Часы - Будильник - Развивающая деревянная игрушка,5,380.0,0,5.0
656,45732,Прочее,"Игрушка-каталка,  Bondibon,",5,285.0,0,5.0
657,39367,Прочее,Запасливые белки - Логическая игра Bondibon,5,335.0,0,5.0
658,31882,Книги и обучающие материалы,Головоломка BONDIBON Smart Games Цветовой код (ВВ0352),5,2450.0,0,5.0
659,13772,Прочее,Набор игрушек для ванны,5,260.0,0,0.0
660,12930,Деревянные игрушки и шнуровки,"Домик - сортер, деревянный",5,760.0,0,5.0
661,12912,Деревянные игрушки и шнуровки,"Конструктор деревянный ""Creative blocks"", 40 штук",5,600.0,0,0.0
662,9863,Деревянные игрушки и шнуровки,"Шнуровка ""Мое фруктовое дерево""",5,590.0,0,5.0
663,9860,Прочее,"Игровой продуктовый набор, дерево",5,450.0,0,0.0
664,9858,Прочее,"Игровой набор ""Фрукты-овощи"" из дерева",5,600.0,0,5.0
665,2201,Деревянные игрушки и шнуровки,"Конструктор деревянный Happy Farm, 52 детали",5,650.0,0,5.0
666,2187,Прочее,Юбка для новогодней ёлки,5,250.0,0,0.0
667,1814,Прочее,"Юбка для новогодней ёлки, белая",5,390.0,0,5.0
668,3062814,Творчество и рукоделие,Блокнот / ежедневник - смешбук + раскраска антистресс А5,4,329.0,36,0.0
669,2426474,"Кубики, мозаика и пирамидки",Аквамозаика Мрачные истории,4,790.0,0,0.0
670,2384019,Настольные и карточные игры,"Настольная игра Мемо, Ребусы, Эмоции, Танцы. Набор 6 в 1",4,549.0,17,5.0
671,2336154,Конструкторы,"Конструктор для девочек ""Комната Дорис""",4,499.0,7,5.0
672,1945704,Пазлы,"Конструктор деревянный и пазл ""Город"" в комплекте",4,1484.1,8,0.0
673,1939732,"Кубики, мозаика и пирамидки","Кубики детские. Пирамидка из кубиков Транспорт, Лесные животные",4,1341.0,7,0.0
674,1624194,Книги и обучающие материалы,"Развивающая игра для малышей, на липучках, ""Юный кулинар""",4,536.4,10,0.0
675,1607147,Пазлы,"Пазлы детские ""Транспорт""",4,225.0,13,5.0
676,1606848,Прочее,"Сортер ""Стаканчики"" с пинцетом, Alatoys",4,806.4,2,0.0
677,1027264,"Животные, фигурки и наборы","Лото детское деревянное ""Веселые зверята""",4,590.0,0,0.0
678,925214,Настольные и карточные игры,"Лото для мальчиков: Транспорт, Пираты, Стройка, Космос, Корабли",4,562.5,2,5.0
679,924355,Настольные и карточные игры,Лото детское Цифры для малышей. Учимся считать,4,485.0,7,5.0
680,683730,Конструкторы,"Конструктор ""Розовая мечта"" - Фабрика звезд, 430 деталей",4,1150.0,0,0.0
681,683510,Прочее,"Музыкальный коврик ""Морские обитатели"" с русским озвучиванием и полем для рисования",4,799.0,0,0.0
682,487917,"Кубики, мозаика и пирамидки","Развивающая игрушка Пирамидка ""Счеты""",4,490.5,4,5.0
683,456906,Деревянные игрушки и шнуровки,"Деревянная игрушка - Сортер ""Овощи-фрукты""",4,699.0,2,5.0
684,456767,Прочее,Набор Кирпичики 12 деталей,4,550.0,0,0.0
685,429167,Пазлы,"Пазл Сортер - ассоциации ""Животные""",4,441.0,4,0.0
686,424640,Пазлы,"Пазл-сортер деревянный, ассоциации ""Найди пару"", животные, для малышей",4,441.0,6,0.0
687,419599,Прочее,"Бизиборд ""Учим цифры"" Три кота",4,1300.0,0,5.0
688,323120,Прочее,"Ксилофон / металлофон ""Улитка""",4,855.0,1,0.0
689,322655,Пазлы,"Сортер деревянный, пазл ""Дроби - квадраты"". Развивающая игрушка",4,390.0,5,5.0
690,304400,Прочее,"Погремушка Bondibon Baby You ""Дом, Шарики, Гриб"" 3 шт.",4,210.0,0,0.0
691,172414,Настольные и карточные игры,"Настольная семейная игра ""Прыгай мяч""",4,450.0,0,5.0
692,122557,Прочее,Игрушка-подвеска Bondibon Baby You Кот с колокольчиком,4,396.0,0,0.0
693,79876,Магнитные игры и одевашки,"Самолет, Магнитный констуктор",4,450.0,0,0.0
694,77966,Деревянные игрушки и шнуровки,Деревянная игрушка-стучалка с молотком,4,550.0,0,4.0
695,58561,Прочее,"Водный пистолет ""Водная Битва"" Bondibon, 17 см",4,90.0,0,0.0
696,56806,Прочее,Игровой набор для ванной,4,350.0,0,5.0
697,49049,Прочее,Набор для творчества DIY Бусины,4,390.0,0,0.0
698,46007,Прочее,"Набор для творчества Bondibon""Ёлочные украшения""",4,145.0,0,0.0
699,44858,Прочее,"День и Ночь, Логическая игра Bondibon",4,2500.0,0,0.0
700,30810,Прочее,Танграм в нежных тонах,4,399.0,0,0.0
701,13256,Магнитные игры и одевашки,"Магнитный конструктор ""Весёлые друзья""",4,580.0,0,5.0
702,12903,Деревянные игрушки и шнуровки,Деревянный конструктор. Большой набор.,4,800.0,0,5.0
703,10314,Деревянные игрушки и шнуровки,Пирамидка деревянная,4,210.0,0,0.0
704,6705,Деревянные игрушки и шнуровки,"Конструктор деревянный ""Цифры"", 53 детали",4,530.0,0,5.0
705,2465678,Пазлы,"Мялка - антистресс с пазлом Котики, Панда, Динозавр",3,329.0,56,0.0
706,2330053,Конструкторы,"Конструктор для девочек ""Замок принцессы""",3,1521.0,9,0.0
707,1999809,Настольные и карточные игры,Настольная игра-квест,3,703.12,56,0.0
708,1832554,Книги и обучающие материалы,"Альбом ""Мои школьные годы"", книга с карманами на 11 лет",3,990.0,0,0.0
709,1832538,Прочее,"Альбом для заполнения ""Интервью на каждый год. Твоя история взросления""",3,990.0,0,0.0
710,1607162,Пазлы,"Набор пазлов ""Транспорт""",3,225.0,17,0.0
711,938275,Магнитные игры и одевашки,"Мозаика магнитная ""Всякая всячина. Профессии""",3,408.59,7,0.0
712,844805,Деревянные игрушки и шнуровки,"Деревянный сортер, геометрические фигуры",3,558.0,10,0.0
713,703297,Прочее,"Набор для ванной с китом, игрушки, сетка",3,590.0,0,5.0
714,490766,Прочее,"Бизиборд ""Календарь"" 250 х 250 х 16 мм",3,699.0,0,0.0
715,490701,Прочее,"Бизиборд ""Лукоморье""",3,1350.0,0,0.0
716,453693,Прочее,"Бизиборд ""Солнечный День"" Алатойс",3,1550.0,0,5.0
717,453328,Прочее,"Бизиборд ""Теремок"" Алатойс",3,900.0,0,5.0
718,453208,Прочее,"Бизиборд ""Учим цвета и цифры""",3,1550.0,0,0.0
719,447181,Прочее,"Бизиборд ""Календарь природы""",3,1450.0,0,0.0
720,446973,Деревянные игрушки и шнуровки,"Деревянная игрушка-сортер ""Бабочка""",3,531.0,2,0.0
721,424605,Деревянные игрушки и шнуровки,"Деревянная игрушка Бизиборд ""Учим буквы"", серия ""Три кота"" от Алатойс",3,1350.0,0,5.0
722,416657,Деревянные игрушки и шнуровки,Деревянная игрушка Сортер 15,3,459.0,11,0.0
723,367316,Деревянные игрушки и шнуровки,Шнуровка  Три кота Азбука,3,450.0,0,5.0
724,367294,Деревянные игрушки и шнуровки,Деревянный конструктор Городок,3,1380.0,0,0.0
725,367276,Конструкторы,Конструктор Городок 23 детали окрашенный,3,730.0,0,5.0
726,323370,Прочее,"Балансир ""Зонтик""",3,550.0,0,0.0
727,304911,Магнитные игры и одевашки,"Магнитный конструктор Bondibon ""Магнитоформы"" 14 деталей",3,1050.0,0,0.0
728,265871,Прочее,"Набор для творчества ""Копилка-подарок. Коровка""",3,420.0,0,0.0
729,265837,Прочее,Набор для росписи Копилка-подарок Кошечка Bondibon,3,420.0,0,0.0
730,265822,Прочее,"Набор для творчества ""Копилка-подарок"" Свинья-Распрекрасница",3,420.0,0,5.0
731,234079,Пазлы,"Детские пазлы Bondibon Baby You ""Домашние питомцы""",3,330.0,0,0.0
732,234068,Пазлы,"Пазлы детские ""Транспорт"", Bondibon серия Baby You",3,330.0,0,0.0
733,159658,Книги и обучающие материалы,Игры на липучках BONDIBON. Цвета и формы,3,450.0,0,2.0
734,159654,Деревянные игрушки и шнуровки,Шнуровка  деревянная Bondibon Baby You,3,350.0,5,0.0
735,129014,Книги и обучающие материалы,"Игры и задания на логику, внимательность. Головоломки, Судоку, Логические игры для детей",3,750.0,2,0.0
736,116530,Настольные и карточные игры,"Весёлые матрёшки""- настольная игра BONDIBON",3,346.0,0,0.0
737,77341,Прочее,Компактные развивающие игры в дорогу САМЫЙ ВНИМАТЕЛЬНЫЙ!,3,300.0,0,0.0
738,45994,Прочее,Сборная 3D модель BONDIBON для раскрашивания с инерционным механизмом,3,112.0,0,0.0
739,44895,Прочее,Застенчивый кролик,3,2050.0,0,0.0
740,4024029,Прочее,Развивающий водный коврик чёрно-белые картинки для новорожденных,2,780.0,8,0.0
741,3412043,"Животные, фигурки и наборы",Энциклопедия детская. Забавные факты о теле человека. Забавные факты о животных. Тв. переп,2,390.0,8,0.0
742,3077132,"Кубики, мозаика и пирамидки",Аквамозаика Волшебники,2,499.0,17,0.0
743,3073230,"Кубики, мозаика и пирамидки",Алмазная мозаика на шкатулке с частичным заполнением,2,490.0,36,0.0
744,3064419,Книги и обучающие материалы,"Записная книжка / дневник / блокнот/ анкета для девочек и мальчиков на замочке А6, 50 л",2,410.0,68,0.0
745,2973589,"Животные, фигурки и наборы","Фигурка MARVEL, Мстители, коллекционная, 7 см",2,499.0,10,0.0
746,2761448,Пазлы,"Пазл Мистическое замок, подарок на Хэллоуин. Страшилки",2,269.0,18,0.0
747,2468673,Пазлы,Мялка - антистресс с пазлом Собачка / Песик и Единорог,2,369.0,38,0.0
748,2379849,Прочее,Развивающая игра для большой компании Танцуют все!,2,449.0,18,0.0
749,2209310,Пазлы,"Пазлы для малышей ""Собери свою зверюшку. Животные леса, Африки""",2,529.0,16,0.0
750,1528943,Настольные и карточные игры,"Логомозаика, звуки Р и Р, настольная игра Bondibon",2,600.75,3,0.0
751,1274298,Настольные и карточные игры,Игра настольная Клан Бро (жестяная коробочка),2,345.0,0,0.0
752,1034510,Настольные и карточные игры,Игра настольная Веселое Сафари (жестяная коробочка),2,380.0,0,0.0
753,1034420,Настольные и карточные игры,Настольная игра Купи слона в жестяной коробке,2,382.5,2,5.0
754,1034363,Настольные и карточные игры,Игра настольная Фан-фанты (жестяная коробочка),2,350.0,0,0.0
755,897716,Магнитные игры и одевашки,Игра магнитная Всякая всячина. Зоопарк 6 зверей,2,395.0,12,0.0
756,684813,Конструкторы,"Конструктор Капитан AUSINI, 2 в 1, 201 деталь",2,790.0,0,0.0
757,684790,Конструкторы,"Конструктор Капитан AUSINI, 2 в 1, 244 детали",2,100.0,0,5.0
758,490720,Прочее,"Бизиборд Алатойс ""Учим цифры""",2,1517.08,1,0.0
759,487893,"Кубики, мозаика и пирамидки","Пирамидка Счеты, 15 деталей",2,531.0,2,0.0
760,456784,Деревянные игрушки и шнуровки,Деревянная игрушка Мозаика Лучики от Алатойс,2,578.5,3,5.0
761,453801,Деревянные игрушки и шнуровки,"Деревянная игрушка - сортер ""Бабочка"" Алатойс",2,495.0,3,0.0
762,447104,Пазлы,"Деревянная игрушка Сортер-пазл, вкладыш ""Заяц, рыбка, корова, петух""",2,365.0,2,0.0
763,419169,"Кубики, мозаика и пирамидки","Логическая пирамидка ""Учимся считать""",2,636.09,14,0.0
764,367966,Прочее,Ксилофон Корова,2,855.0,1,0.0
765,367283,Деревянные игрушки и шнуровки,"Конструктор деревянный, детский, ""Городок""",2,863.59,2,0.0
766,304939,Магнитные игры и одевашки,"Магнитный конструктор Bondibon ""Магнитоформы"" 14 деталей",2,1050.0,0,0.0
767,138714,Настольные и карточные игры,"Настольная игра ""Найди противоположности""",2,444.99,1,0.0
768,138710,Пазлы,"Пазлы парные ""Кто и что ест?""- настольная игра для малышей от Bondibon",2,390.0,0,0.0
769,102678,Прочее,"Набор для творчества ""Копилка-подарок"" Кошечка.",2,450.0,0,0.0
770,39377,Настольные и карточные игры,МОРЕ В МЕШКЕ - Настольная игра (от 5 лет) от Bondibon,2,588.0,0,0.0
771,39376,Настольные и карточные игры,НОС в НОС - Настольная игра Bondibon,2,644.0,0,0.0
772,39315,Прочее,"Набор для творчества Bondibon""Ёлочные украшения"" (паровоз, снеговик, колокольчик, лошадка)",2,260.0,0,0.0
773,39267,Настольные и карточные игры,Лопни пузырь - Настольная игра Bondibon,2,285.0,0,0.0
774,39253,Магнитные игры и одевашки,Умные утки-Магнитная игра Bondibon для путешествий,2,620.0,0,0.0
775,4020500,Настольные и карточные игры,"Настольная игра на скорость Замурчательная рыбалка, развивающая, 62 карты, 5+",1,499.0,9,0.0
776,3428231,Книги и обучающие материалы,Книжка - игрушка с колёсами. Синий трактор. Транспорт,1,434.13,9,0.0
777,3402012,"Животные, фигурки и наборы","Книжка с окошками. Синий трактор. Домашние, дикие животные, Транспорт",1,299.0,33,0.0
778,3064728,Пазлы,"Подарочный набор, 3в1, ""Медвежонок Мэни"", картонная книга, пазл, игрушка",1,499.0,10,0.0
779,2559218,Книги и обучающие материалы,Развивающие чёрно-белые картинки для новорождённых. Книжка-бортик по методике Г. Домана,1,849.0,19,0.0
780,2206950,Мягкие игрушки и театр,"Мягкая игрушка из плюша ""Монстрик своими руками""",1,759.0,15,0.0
781,2203303,Деревянные игрушки и шнуровки,Трактор деревянная игрушка - шнуровка,1,249.0,34,0.0
782,1607182,Прочее,"Сортер ""Ёжик и трактор""",1,1035.0,3,0.0
783,1546047,Настольные и карточные игры,"Настольная игра ""Логомозаика. Звуки Р, Р и Л, Л""",1,675.0,4,0.0
784,1528955,Настольные и карточные игры,"Настольная игра ""Логомозаика. Звуки Ш и Ж""",1,667.5,3,0.0
785,1528908,Настольные и карточные игры,"Настольная игра BONDIBON ""Логомозаика. Звуки Л и Л""",1,600.75,4,0.0
786,925264,Настольные и карточные игры,Лото детское для малышей. Настольная игра для девочек,1,556.25,5,0.0
787,844817,Прочее,"Досочки ""Сегена""",1,765.0,3,0.0
788,694192,Магнитные игры и одевашки,"Магнитная мозаика ""Забавные зверюшки""",1,391.5,4,0.0
789,494348,Прочее,"Бизиборд ""Календарь"" от Алатойс",1,667.5,2,0.0
790,487998,Пазлы,Сортер деревяный Пазл Автомобили. Развивающая игрушка,1,365.0,7,0.0
791,456852,Прочее,"Металлофон ""Паровозик"" 7 планок",1,790.0,0,0.0
792,456812,Деревянные игрушки и шнуровки,"Деревянная игрушка - Сортер ""Фигуры",1,454.09,4,0.0
793,453768,Пазлы,"Пазл ""Транспорт"" Алатойс",1,365.0,8,0.0
794,452111,Пазлы,Деревянный Сортер Пазл Цифры. Учимся считать,1,585.0,7,0.0
795,446999,Деревянные игрушки и шнуровки,"Шнуровка ""Океан""",1,320.0,3,0.0
796,417007,Прочее,Сортер 17,1,441.0,6,0.0
797,352924,Прочее,"Бизиборд - сортер, часики",1,681.59,3,0.0
798,322470,Пазлы,Пазл Дроби-круги,1,320.0,8,0.0
799,78734,Прочее,"Мозайка ""Веселые мордашки""",1,690.0,0,0.0
800,77347,Творчество и рукоделие,"Французские опыты Науки с Буки BONDIBON, н-р мылов-я Маленькое чудо. Мыло пончик",1,590.0,0,0.0
801,77333,Настольные и карточные игры,Детективы - настольная обучающая игра Bondibon,1,599.0,0,0.0
802,77310,Прочее,"Логическая игра Bondibon ""Камелот""",1,1950.0,0,0.0
803,46071,"Кубики, мозаика и пирамидки","Конструктор-мозаика 129 дет.,Воndibon,  серия ""Папины дети"", ВОХ 25,5х7,8х25,5 см.",1,660.0,0,0.0
804,45714,Настольные и карточные игры,Обучающие игры Bondibon Настольная игра ДЕТЕКТИВЫ,1,599.0,0,0.0
805,4022592,Настольные и карточные игры,"Настольная игра Дом бобра, развивающая, 5+",0,549.0,10,0.0
806,3872796,Книги и обучающие материалы,Книга Правда или нет? Мир животных,0,199.0,40,0.0
807,2737040,Прочее,Развивающий набор Навыки XXI века. Я учусь придумывать,0,239.0,50,0.0
808,2334488,"Животные, фигурки и наборы","Конструктор ""Комната принцессы"", 2 фигурки, 282 детали",0,999.0,5,0.0
809,2202652,Прочее,Светящийся вертушек вертолётикс рогаткой,0,129.0,0,0.0
810,1607082,Книги и обучающие материалы,"Интерактивная азбука ""Буквы и слоги""",0,1518.0,13,0.0
811,1607054,Прочее,"Танграм ""Тетрис""",0,681.59,21,0.0
812,1559949,Пазлы,"Настольная детская игра ""Логопазлы. Парные согласные В-Ф, Б-П"" 2 в 1",0,998.76,18,0.0
813,1547484,Прочее,"Нарукавники для плавания, оранжевые, 3-6 лет",0,299.0,0,0.0
814,1546092,Настольные и карточные игры,"Настольная игра ""Логомозаика звуки З, З И С, С"" Играй Думай Учись Bondibon",0,675.0,5,0.0
815,539363,Прочее,"Бизиборд ""Часики"" + времена года и дни недели",0,1426.0,3,0.0
816,507026,Прочее,Нарукавники Морской приятель 19х19см 3-6 лет,0,250.0,0,0.0
817,452401,Деревянные игрушки и шнуровки,"Детская развивающая игрушка деревянная Бизиборд ""Шестерёнки""",0,990.0,2,0.0
818,447077,Пазлы,"Сортер деревяныый Пазл - вкладыш ""Океан""",0,365.0,10,0.0
819,414763,Настольные и карточные игры,"Игра Мемори ""Овощи""",0,365.0,0,0.0
820,37724,Прочее,Набор для игры в песочнице,0,380.0,0,0.0
821,32298,Конструкторы,"Конструктор ""Дерево""",0,750.0,0,0.0
822,30786,Прочее,Детские кегли ПИРАТЫ,0,350.0,0,0.0
