rank,product_id,title,sold,price,active,rating
1,913146,"Пазлы детские в рамке Герои Дисней: Король лев, Рапунцель, Холодное сердце, Моана, Виннипух",1599,99.0,161,4.9
2,956409,"Кубики детские ""Собери картинку"", 4 кубика. Дикие и Домашние животные, Транспорт",880,199.0,21,4.9
3,1997433,"Настольная игра ""Викторина. Школа дошколят""",872,359.0,5,5.0
4,895377,Кукла магнитная с одеждой. Игра магнитная Одевашки. Ксюша,845,349.0,31,4.9
5,2409774,"Химические опыты. Эксперименты. Неньютоновская жидкость, Фараоновая змея. Фиксики",753,319.0,51,4.9
6,534876,"Раскраски-антистресс Bondibon, в наборе, 21 х 30 см, А4",697,199.0,162,4.9
7,1832651,"Детская пластмассовая Мозаика, 100, 120, 150, 225 элементов",638,349.0,35,5.0
8,2213304,"Детский набор для вышивки крестиком Единорог, Корги, Лиса, Коала",574,249.0,15,4.7
9,897665,"Игра магнитная ""Одевашки. Модная девчонка. Кукла Анюта с одеждой""",557,399.0,31,5.0
10,931017,Пазлы мягкие для детей Герои мультфильма Дисней,477,145.0,65,4.9
11,1058969,Набор для творчества Мыло своими руками,466,315.0,23,5.0
12,923159,"Пазлы детские в рамке Холодное Сердце Эльза и Анна, в рамке",438,139.0,72,4.9
13,2379766,Веселая настольная игра Объяснялка Объясни жестами,400,269.0,0,5.0
14,2455331,Защитный чехол на сиденье автомобиля / Защитная накидка на спинку сиденья / Незапинайка,384,349.0,82,4.8
15,1832852,"Настольная игра Фанты, Объясни, покажи, нарисуй",366,249.0,0,4.5
16,1248402,Настольная игра лото для детей. Развивающая игра,363,219.0,19,5.0
17,309220,"Развивающая деревянная игрушка Шнуровка ""Три кота"" Карамелька",322,175.0,0,4.8
18,1280742,"Развивающая игра на липучках изучаем цвета, Мой дом, Овощи и фрукты, Формы, Времена года",318,699.0,17,4.9
19,900284,"Пазлы детские контурные для малышей Дикие, Домашние животные, Транспорт. Половинки",289,355.0,0,5.0
20,956258,Пазлы детские мягкие для мальчиков и девочек. Крупные пазлы для малышей. Пазлы для девочек,258,125.0,4,5.0
21,1031160,"Танграм магнитная игра с заданиями, развивающие игры для детей",253,459.0,0,4.6
22,972945,"Карточная настольная игра ""Мафия""",251,255.0,9,5.0
23,39379,"Книга для купания и игр в ванной Bondibon ""Животные""",245,245.0,0,4.5
24,117502,"Набор животных 12 шт. Bondibon ""Ребятам о зверятах""",243,249.0,0,4.5
25,1033468,"Настольная игра для детей Лото ""Животные"", ""Растения"", ""Кто где живет"", ""Собирай-ка""",236,245.0,0,5.0
26,2449171,"Картина по номерам детская Холодное сердце, Пони, Котики, Корги, Единорог, Космос",214,395.12,64,5.0
27,2201234,"Мяч детский, прыгун мягкий, Мячик Смайлик, спорт, в комплекте",210,128.0,72,5.0
28,978916,"Магниты детские Мои первые магниты, 28 элементов, детские магнитики, Магнитные истории",210,299.0,5,4.8
29,923591,"Азбука с заданиями, магнитная развивающая игра, русский алфавит",208,499.0,0,4.6
30,969613,"Пазлы детские крупные Maxi ""Игрушки"", ""Фрукты"", ""Ягоды"". Макси пазлы",200,299.0,15,5.0
31,309210,"Развивающая деревянная игрушка - шнуровка ""Три кота"" Коржик",200,175.0,0,5.0
32,1939359,"Набор для вышивания. Вышивание крестиком. Вышивка ""Новогодняя"" Дед мороз, Ёлочка",193,249.0,67,5.0
33,923388,"Магниты детские Машинки, карта / дорога ""Мы едем, едем"", магнитные машинки, транспорт",192,399.0,0,4.9
34,2687332,"Многоразовая книжка с маркером Пиши-стирай. Животные в Море, Лесные и домашние животные",189,199.0,129,5.0
35,35682,"Деревянная игрушка магнитная рыбалка "" Поймай червячка "" яблоко , клубничка",181,790.0,0,4.9
36,213986,"Зубастый крокодил"" Настольная игра Bondibon безумный",178,499.0,0,4.7
37,939089,"Кукла-перчатка. Кукольный театр. Лиса, Мышка, Медведь, Кот, Заяц, Лягушка",177,289.0,69,4.8
38,89487,Деревянный свисток,177,85.0,0,4.8
39,1328379,"Набор для шитья мягкая игрушка, из фетра, своими руками",175,375.0,33,5.0
40,1316058,"Доски для выжигания по дереву, 2 штуки. Набор досок деревянных",175,199.0,33,5.0
41,2384404,"Аппликация наклейками. Книга Рисуй наклейками картина по номерам. Единорог, Динозавр",172,349.0,30,5.0
42,939852,"Настольная игра ""Мемо Животные"" для малышей",171,369.0,0,5.0
43,2334872,"Настольная игра Дуббль / Дубль Добль для детей. Холодное сердце, Микки Маус, Гравитифолз",169,249.0,42,4.9
44,1280650,"Настольная детская игра ""Мемо"", транспорт, животные, флаги",169,199.0,83,5.0
45,2515846,"Картина по номерам детская ракраска. Холсте с подрамником, Единорог, Пони, Холодное сердце",156,417.69,105,4.4
46,1832880,"Настольная игра ""Чёто-Тама"" или ""Кто я?"" на угадывание слов",154,249.0,0,5.0
47,540339,Детские деревянные пазлы,154,319.0,53,5.0
48,13263,"Деревянные кубики, 5 цветов",153,210.0,0,5.0
49,932155,Мафия Волшебная. Карточная Настольная игра для детей,150,259.0,12,5.0
50,2327391,"Конструктор новогодний ""Дед мороз"", ""Снеговик"", ""Ёлочка""",143,299.0,109,5.0
51,58600,"Игры и задания на логику, внимательность. Головоломки, Судоку, Логические игры для детей",142,652.5,2,4.9
52,899155,"Пазлы детские контурные Животные. Первые пазлы малыша, Набор из 5 картинок",141,355.0,0,5.0
53,309492,"Пирамидка Ступеньки 6 деталей, развивающая деревянная игрушка от Алатойс",141,350.0,0,4.9
54,2015342,"Набор юного археолога ""Раскопки. Технозавры"": драгоценные камни, воины скелеты",139,408.59,23,5.0
55,13406,"Деревянные погремушки - маракасы, 19 см",138,170.0,0,5.0
56,2406358,"Магнитная кукла с нарядами Алиса ""Одевашки""",136,359.0,87,5.0
57,2531464,"Набор опытов Увлекательная наука Опыты с Венеры, 6 опытов",133,711.0,31,5.0
58,970356,"Пазлы детские крупные Maxi ""Домашние животные"", ""Дикие животные"" 6 животных. Макси пазлы",133,299.0,23,4.6
59,2279640,"Дубль, Дабл, фанты. Настольная игра для детей",132,239.0,9,5.0
60,1280787,"Словодел Большой, Компакт. Настольная развивающая игра для детей и взрослых. Собери слово",124,949.0,7,0.0
61,156455,"Книга для купания и игр в ванной ""Транспорт"", Bondibon",122,245.0,0,5.0
62,417046,"Прищепки разноцветные ""Семицветик"" 24 шт",120,199.0,0,5.0
63,417036,"Счетный материал ""Палочки для счета"", 50 дет",119,235.0,21,4.7
64,45757,"Набор животных Bondibon ""Ребятам о Зверятах""",118,399.0,29,4.4
65,949901,"Игра развивающая - тренажер ""Часы. Который час. Времена года"" Двусторонние обучающие часы",115,349.0,21,5.0
66,309224,"Шнуровка ""Компот"" Три кота развивающая деревянная игрушка",114,175.0,0,5.0
67,1500901,"Магнитная кукла ""Одевашки. Лиза"" Развивающая игра для девочек",113,679.0,8,5.0
68,1500878,"Кукла Магнитная с нарядами / одеждой ""Одевашки Настя"", развивающая игра для девочек",109,569.0,14,5.0
69,2409130,"Мягкая игрушка Плюшевый мишка Шарлотта, Фенек Миранда, Зайчик Мякиши",106,680.0,0,4.8
70,950109,"Настольная игра МЕМО ""Носочки""",105,369.0,7,4.8
71,131411,"Пазлы ""Животные"" деревянные",105,199.0,10,4.3
72,950401,"Настольная игра Baby Toys ""Азбука для самых маленьких"", русский алфавит",104,400.5,17,5.0
73,30429,"Детское Домино Половинки, ""Животные и игрушки"" 28 плашек",103,801.0,27,4.8
74,213965,"Книга для купания и игр в ванной ""Кто чья мама?"",  Bondibon",102,199.0,0,5.0
75,2692084,"Книжка-шуршалка ""Мои первые слова"", 10х11 см",100,359.0,19,5.0
76,711319,Деревянная музыкальная игрушка Дудочка,100,199.0,0,5.0
77,711154,"Деревянная игрушка ""Гусеница""",100,180.0,0,4.8
78,2279644,Настольная детская игра ходилка бродилка Зимняя Новогодняя,99,299.0,0,5.0
79,2338726,"Новогодняя игра-ходилка ""Зимние приключения с фантами""",96,199.0,12,4.3
80,2223434,"Мяч детский, прыгун мягкий, мячик-антистресс ""Смайлик - фрукты""",95,145.0,23,5.0
81,711297,"Деревянная игрушка ""Волчок""",95,120.0,0,5.0
82,309192,"Пазлы детские деревянные Карамелька ""Три кота"" развивающая деревянная игрушка",95,329.0,0,5.0
83,923206,"Развивающая настольная игра в слова для детей и взрослых Словодел ""Великан"", 42 х 33 см",94,849.0,0,5.0
84,969659,"Шахматы, шашки, кто первый, крестики-нолики. Магнитная игра 4 в 1",93,395.0,6,5.0
85,2537919,"Развивающие черно-белые карточки / картинки для новорожденных Животные, Абстракция 0+",92,199.0,10,5.0
86,3064968,"Детские накладные ногти Сияй ярче звёзд, 12 шт",91,249.0,99,0.0
87,348,Деревянный конструктор - сортер Паровозик. Развивающая игрушка,91,1150.0,0,4.8
88,1031582,Набор Фотошар. Новогодний шар с фото на ёлку. Ёлочная игрушка,88,480.0,0,5.0
89,537495,"Кубики ""Азбука для самых маленьких"", буквы, русский алфавит, умные кубики для детей",88,299.0,2,4.7
90,1328530,"Кубики детские с картинками, 4 штуки",87,199.0,2,5.0
91,2743846,Набор для опытов. Опыты детские. Большой набор,86,1251.0,18,3.7
92,1091981,Ёлочка новогодняя. Развивающая игра для малыей на липучках,86,349.0,0,5.0
93,955611,"Пазлы детские мягкие Дисней ""Королевские питомцы"", 12 эл. Пазлы для девочек",86,135.0,33,5.0
94,2378213,"Пазл детский ""Синий трактор"", транспорт, животные, на ферме, 35 элементов",85,159.0,20,5.0
95,937685,"Магнитная игра ""Азбука с картинками"", 54 элемента. Русский алфавит",85,245.0,14,3.0
96,13316,Деревянный свисток - человечек,84,60.0,0,3.8
97,2694873,"Магнитная игра ""Тёмная история""",82,319.0,7,5.0
98,2975468,"Оригами для мальчиков, девочек, набор для творчества",80,199.0,51,5.0
99,1313424,"Развивающая игра ""Мама и малыш"", карточки на липучках",80,749.0,0,5.0
100,2973504,"Выращивание кристаллов. Химические опыты для детей. Дед Мороз, Снегурочка, Ёлочка",79,219.0,0,5.0
101,1829591,Доски для выжигания с рисунком,79,230.0,3,5.0
102,931821,"Пазлы мягкие 24 элемента ""Герои Disney"": Холодное сердце, Моана, Белоснежка и семь гномов""",77,165.0,4,5.0
103,258149,"Книга для купания и игр в ванной ""Дикие животные"" Bondibon, 12х12 см",77,245.0,0,4.9
104,2380711,"Пазл детский Синий трактор, Транспорт, животные дикие, домашние, на ферме, 24 элемента",76,139.0,64,5.0
105,438367,"Деревянная игрушка - шнуровка ""Рыбка""",76,155.0,0,5.0
106,899236,Пазлы детские контурные Транспорт / Машинки. Первые пазлы малыша,75,315.0,25,5.0
107,2376205,Оригами для самых маленьких Домашние зверята,73,199.0,17,5.0
108,1008660,"Настольная игра для детей Мафия детская ""Школа Волшебства""",73,299.0,0,5.0
109,977232,"Детская настольная игра ""Тарантинки. Кто я?"" с ободком",73,499.0,0,5.0
110,1031683,"Аппликация Новый год. Дед мороз, Снегурочка, Ёлочка, Снеговик",72,299.0,67,5.0
111,58557,"Книга для купания и игр в ванной ""Как называется?"" ( знакомимся с цветами) Bondibon",71,245.0,0,5.0
112,1813755,Магниты детские Времена года. Развивающая магнитная игра для детей,70,355.0,22,5.0
113,672993,Конструктор 3D модель для раскрашивания с инерционным механизмом Bondibon,70,199.0,0,1.0
114,417024,"Счетный материал ""Радужный счет"" 70 шт",69,245.0,0,4.8
115,1965084,"Гравюра цветная,скретч картинки Набор для рисования",68,129.0,130,5.0
116,940002,Мемо. Детская настольная игра на развитие памяти,67,319.0,4,5.0
117,416635,"Лото ""Азбука-цифры"", ""Алатойс""",67,545.09,12,5.0
118,2487480,Книга-история с наклейками Эльза и Анна. Книжка Холодное сердце. Идеальный летний день,66,219.0,0,5.0
119,156489,"Книга для купания и игр в ванной ""Что любит?"", Bondibon",65,245.0,0,4.9
120,2296836,"Набор для рисования на воде ""Эбру"", большой лоток, 8 цветов",64,1190.0,4,5.0
121,1320552,"Доски деревянные для выжигания по дереву Динозавры, Драконы, 2шт в наборе. Набор досок",64,279.0,11,5.0
122,1320053,"Доски для выжигания Вертолет и Гоночный автомобиль, Трансформер и космический корабль",64,210.0,36,4.5
123,1832626,"Мозаика детская шестигранная пластмассовая Сова, Машина, 85, 100 и 120 элементов",63,382.5,18,5.0
124,9927,Гоночный трек с 4 машинками,63,1750.0,0,4.8
125,817008,"Сортер для малышей, деревянный, Монтессори, рамка-вкладыш ""Животные"", 18 деталей",62,750.0,0,4.8
126,81516,Логические цилиндры Монтессори,62,590.0,0,5.0
127,2974163,"Карнавальный набор Снежинка. Новогодний ободок, пумпоны",61,329.0,11,0.0
128,2336479,"Настольная игра на баланс Стульчики / На 4 ногах, Башня из стульчиков. Новогодняя версия",61,289.0,1,5.0
129,1266686,"Доски для выжигания, с рисунком",60,349.0,0,5.0
130,1034797,Набор букв для игры Словодел 125 фишек. Составь слово,60,225.0,0,5.0
131,1008534,Русский алфавит. Азбука. Магнитная игра Удивительные буквы (72 элемента),60,199.0,0,5.0
132,2529546,"Мыльные пузыри Большие Лунтик, Барбоскины, 200 мл",59,269.0,24,5.0
133,1170405,"Книга для ванны для купания ""Животные"", 12 х 12 см",59,239.0,0,5.0
134,417029,"Счетный материал ""Палочки для счета"" 36 палочек",59,175.0,0,5.0
135,2793423,Карнавальный ободок Хэллоуин,57,199.0,1,5.0
136,1822597,Доски для выжигания с рисунком,57,199.0,6,5.0
137,915697,Деревянная игрушка-шнуровка Ёжик,57,355.0,0,5.0
138,903783,"Набор для вышивания с пяльцами. Вышивание крестиком. Вышивка ""Новогодняя Ёлочка""",57,299.0,13,5.0
139,323,Деревянная игрушка-стучалка,56,1350.0,0,4.6
140,1813596,"Игра детская - бродилка / ходилка Алфавит, Азбука русские буквы",55,413.1,17,5.0
141,258136,"Книга для купания и игр в ванной ""Кто какого цвета?"", Обитатели моря, 12х12 см",55,165.0,0,5.0
142,2483494,"Настольная игра Игра - ходилка / бродилка, Смешарики, Фиксики, Синий трактор",54,159.0,26,3.0
143,2377502,"Набор цветных развивающих кубиков Смешарики. Конструктор детский, 20 штук",54,390.0,26,5.0
144,2670921,"Книжка-тренажёр для рисования, детская ""Я учусь рисовать"", для мальчиков и девочек",53,249.0,51,5.0
145,1831904,"Набор для рисования ""Флюид АРТ"" Жидкий акрил для творчества",53,799.0,0,5.0
146,395,"Игрушка деревянная 3 в 1: машинка, сортер, ксилофон",53,1890.0,0,4.8
147,2559085,Набор для бисероплетения Украшение из бисера,52,359.0,2,5.0
148,2529534,"Мыльные пузыри, Бутылочка , раствор, 500 мл Цвет микс",52,249.0,24,4.2
149,1009868,"Новогодний набор: Адвент - Календарь, письмо Деду Морозу, Топ 20 новогодних дел",52,199.0,0,5.0
150,39381,"Книга для купания Bondibon ""Кто что ест"",  12х12 см",52,245.0,0,5.0
151,2330951,"Мягкая игрушка Енот, Мишка",51,599.0,9,4.7
152,1961121,"Пазлы для малышей ""Транспорт"", ""Домашние животные"", 6 картинок в наборе",51,289.0,0,5.0
153,965776,"Настольная детская игра ""Денежка. Играем в магазин. Покупаем продукты""",51,465.0,0,5.0
154,309702,Каталка Лошадка развивающая деревянная игрушка,50,375.0,0,5.0
155,939815,Настольная игра МЕМО,49,369.0,12,5.0
156,38753,"Учимся рисовать, тренажер по рисованию, компактные развивающие игры в дорогу Bondibon",49,429.14,23,5.0
157,13326,"Машинка-конструктор и Стучалка 2в1, деревянная",49,650.0,0,4.7
158,2334559,"Конструктор Динозавр. Робот-трансформер ""Вольтрон"", 6 видов",47,329.0,17,5.0
159,1010285,"Кубики детские с картинкой, 6 кубиков. Холодное сердце Эльза, Олаф Disney",47,230.0,4,5.0
160,901537,"Соображай-ка. Развивающая игра Пиши-Стирай, 36 двусторонних карточек",47,445.5,8,5.0
161,39726,"Книга для купания, Bondibon,  ""Где живет?"", 15х15 см",47,195.0,0,4.0
162,2743018,"Развивающая Книга с наклейками Буквы и слова, Внимание, Буквы и Счёт",46,139.0,41,5.0
163,2208159,"Настольная игра Дубль Дуббль (Dobble) Дабл Микс / Животные, на развитие внимания и реакцию",46,319.0,17,5.0
164,938702,Магнитная игра Мозаика с заданиями (16 карточек),46,499.0,0,5.0
165,367356,"Пазлы детские, деревянные, Коржик ""Три кота"", развивающая деревянная игрушка",46,299.0,0,5.0
166,2747015,"Наклейки детские развивающие ""Забавные страшилки"", ""Милые мордашки"", Монстрики",45,199.0,86,5.0
167,1032203,"Аппликация детская, Новогодняя с пайетками. Картина в рамке Дед Мороз, Снеговик",45,290.0,25,5.0
168,534941,"Художник светом / Рисуй светом Набор для рисования в темноте с трафаретами, 25х18 см",45,499.0,0,0.0
169,452213,"Деревянная игрушка сортер - пазл ""Фигуры""",45,390.0,0,5.0
170,930838,"Пазлы деревянные детские Лесные жители, Зоопарк, Транспорт, Домашние животные. Сортер",44,299.0,13,5.0
171,799138,"Страны мира, Игра-викторина серия ""Умная Сова"" Bondibon",44,899.0,0,5.0
172,367351,"Пазлы деревянные детские Компот ""Три кота""",44,329.0,1,5.0
173,367333,"Пазлы детские деревянные герои мультфильма ""Три кота"" Коржик, Карамелька и Компот",44,349.0,0,5.0
174,2760126,"Раскраска многоразовая Пиши-стирай. Животные на ферме, Пони, Транспорт. Маркеры в комплекте",43,249.0,37,5.0
175,901491,Веселые лабиринты. 72 лабиринта. Развивающая игра Пиши-Стирай,43,495.0,14,5.0
176,309735,Конструктор - каталка Паровозик 7 деталей,43,380.0,0,4.7
177,39098,"Набор игрушек-пищалок для купания, BONDIBON, Подводный мир, 8 шт/упак",43,385.0,0,5.0
178,13252,Детская деревянная игрушка Мозаика Геоанимо,43,891.0,34,5.0
179,2334521,"Конструктор Динозавр со звуковыми эффектами, Серия Дино мир",42,690.0,16,5.0
180,2222984,"Антистресс игрушка, браслет мялка-тянучка, светится",42,259.0,5,5.0
181,2203256,"Кубики детские пластмассовые  с картинками ""Лесные / домашние животные""",42,199.0,0,5.0
182,447022,"Деревянная игрушка Шнуровка ""Корова""",42,175.0,0,5.0
183,28819,"Игрушка для развития моторики ""Серпантинка""",42,1125.0,2,5.0
184,3066958,Набор для шитья. Игрушка из фетра своими руками Милый динозаврик,41,299.0,39,4.0
185,2324714,"Мягкая елочная игрушка из фетра: домик, елочка, колокольчик своими руками",41,329.0,2,5.0
186,2213187,"Детская настольная игра для большой компании ""Мемы, общий сбор!""",41,459.0,22,5.0
187,903632,Набор для вышивания крестиком с пяльцами. Детская вышивка Новогодняя Дед Мороз,41,299.0,29,0.0
188,901598,Внимание и логика. Развивающая игра Пиши-Стирай,41,445.5,30,5.0
189,414714,"Шнуровка Лапочка ""Три кота"" Алатойс",41,149.0,0,5.0
190,309589,"Шнуровка ""Свинка Пеппа"" развивающая деревянная игрушка",41,150.0,0,5.0
191,2331513,"Кукла-перчатка на руку Домашний кукольный театр Доктор,  внучка Машенька",40,299.0,3,0.0
192,1010273,"Кубики ""Король Лев"" Герои Disney, Собери картинку. 6 штук",40,230.0,0,5.0
193,810916,"Лото ""Фрукты-овощи"", ""Животные"", ""Транспорт"" от Алатойс",40,531.0,26,5.0
194,537588,"Набор игровой ""Играем в воде"", Рыбки-колечки для ныряния, Вondibon",40,390.0,0,5.0
195,452340,Деревянная игрушка - Шнуровка Уточка,40,175.0,0,5.0
196,309577,"Шнуровка ""Джордж"" Свинка Пеппа развивающая деревянная игрушка",40,175.0,1,5.0
197,172659,Совочек НОРДПЛАСТ 15см,40,20.0,0,0.0
198,13323,"Игрушка-шнуровка в контейнере, 45 шт",40,450.0,0,4.7
199,2984275,"Блокнот IQ Лабиринты, Кроссворды, задания. Новогодний детский",39,75.0,31,0.0
200,234052,Зубастый крокодил. Настольная игра со светом и звуком / Безумный крокодил Bondibon,39,1450.0,0,4.4
201,455258,"Детские деревянные пазлы ""Учись считать""",38,430.65,21,5.0
202,9926,"Игра настольная Мемори, мемо на память и логику",38,749.0,0,5.0
203,2974849,Ёлочный шар под раскраску на новый год Холодное сердце Эльза и Олаф,37,149.0,3,5.0
204,2574753,"Набор для опытов Удивительные опыты с водой, 23 предмета, 20 опытов",37,990.0,13,3.5
205,2336414,"Конструктор-трансформер ""Паровоз"", 3 варианта сборки, 305 деталей",37,1099.0,0,5.0
206,1830487,"Раскраска на доске ""Животные"": Котик, Единорог, Лев, Фламинго, Жираф",37,399.0,17,5.0
207,434777,"Лабиринт ""Кот""",37,210.0,0,5.0
208,2974974,"Наклейки новогодние кружочки. Приходи, Новый год",36,169.0,4,5.0
209,2303775,Раскопки для детей Юный археолог (17 артефактов),36,499.0,3,5.0
210,1034678,Игрушка Машинка деревянная,36,245.0,0,5.0
211,955784,"Детская настольная игра Домино ""Животные, игрушки""",36,355.0,5,5.0
212,711203,Деревянные счетные палочки и счетный материал,36,531.0,19,5.0
213,45705,"Настольная семейная игра ""Быстрые стаканчики""",36,1124.1,11,5.0
214,2976834,"Кружка керамическая детская, сувенирная, 350 мл Супер-мен, Человек-паук Marvel",35,454.09,22,5.0
215,537528,"Жилет для плавания детский ""Тропические приятели""  3-5 лет",35,450.0,0,5.0
216,2539424,"Книжка - шуршалка по методике Г. Домана,Чёрно-белые картинки для малышей , Животные",34,441.0,57,0.0
217,367773,"Шнуровка Гоня ""Три кота""",34,149.0,0,5.0
218,2071821,"Конструктор металлический Стройка, Кран, Трактор, Самосвал",33,545.09,46,0.0
219,1008855,"Раскраски антистресс, Дыхание весны, 6 листов 29,5х19 см",33,165.0,0,5.0
220,903391,"Магниты новогодние ""Магнитные истории: Дед мороз, Снегурочка, Ёлочка""",33,199.0,15,4.8
221,348068,"Новогодняя игрушка для раскрашивания ""Ёлочные украшения"" Домик Деда Мороза",33,255.0,0,5.0
222,30518,"Металлофон, 8 нот",33,450.0,0,5.0
223,13255,"Магнитный конструктор ""Смешные лица""",33,750.0,0,5.0
224,2547763,"Мелки цветные ""Смешарики"", Тачки, Принцесса",32,69.0,73,0.0
225,2449674,"Набор для девочек: временная тату, заколки, браслетик, Единорог, Котёнок, Корги",32,199.0,24,5.0
226,2394763,"Кубики мягкие для малышей Синий трактор: Зверята, кубики, 4 шт, 8 см",32,590.0,19,5.0
227,509659,"Круг надувной для плавания 51 см, 3-6лет INTEX",32,190.0,0,5.0
228,418078,"Пирамидка ""Ёлочка""",32,500.5,2,0.0
229,417270,"Игровой набор ""Стирка""",32,549.0,0,5.0
230,323348,"Игры с прищепками ""Фрукты-овощи""",32,391.5,6,5.0
231,309719,"Каталка "" Коровка "" развивающая деревянная игрушка",32,375.0,0,4.5
232,487978,Деревянная игрушка Сортер,31,549.0,0,4.8
233,2793019,Карнавальная шляпа Ведьмы - Колдуньи на Хэллоуин. Паутина и Ведьмочка,30,499.0,0,5.0
234,2547739,"Химические опыты, эксперименты. Полимерные червячки, Коралловый риф, Смешарики, Мимимишки",30,299.0,9,5.0
235,1969380,"Компактные развивающие игры в дорогу для малышей ""Учимся считать, читать и писать""",30,549.0,0,5.0
236,1965154,"Конструктор крупный для малышей ""Трактор"", ""Пожарная машина"", большие детали",30,1237.1,9,5.0
237,1813659,"Магнитная игра Сказка Колобок ""В гостях у сказки""",30,349.0,0,0.0
238,1375303,Пирамидка деревянная развивающая игрушка для малышей,30,399.0,0,5.0
239,1185559,"Набор для рисования Bondibon ""Художник светом"". Рисуй светом в темноте",30,750.0,0,4.0
240,949725,"Планер на неделю. Доска маркерная двусторонняя на подвесе, с маркером",30,249.0,0,5.0
241,907518,"Открытка новогодняя своими руками светящаяся. Снеговичок, Ёлочка. Набор для опытов",30,199.0,0,5.0
242,800197,"Игра-викторина ""Любимые сказки"" серия Умная Сова от Bondibon",30,799.0,0,5.0
243,673006,"Конструктор с инерционным механизмом гоночная машина, экскаватор, внедорожник",30,190.0,0,0.0
244,507101,"Набор игрушек для купания ""Играем в воде"", рыбалка. Сачок и три рыбки",30,319.0,0,5.0
245,416628,"Детское домино ""Животные""",30,420.0,2,0.0
246,13276,"Пазлы - вкладыши деревянные, фигуры",30,550.0,0,5.0
247,2280409,"Кружка новогодняя, под роспись, ""Снеговик, Пингвины с красками""",29,399.0,2,5.0
248,2234041,Слайм  с блестками разноцветный 19 см большой,29,299.0,0,5.0
249,2212965,"Дубль, Дуббль, настольная детская игра Дабл Алфавит",29,399.0,21,0.0
250,1832503,"Набор для шитья ""Мягкая игрушка своими руками"" Лисичка, Мишка, Зайчик",29,615.12,25,4.8
251,1010297,"Кубики детские с картинками , 6 штук  Герои Дисней ""Пушистые истории. Королевские питомцы""",29,230.0,1,5.0
252,49050,Музыкальный инструмент Бубен,29,270.0,0,4.8
253,2793264,Карнавальная шляпа - конус на Хэллоуин Ведьмочка / Ведьма,28,369.0,6,4.5
254,2427107,"Сумка детская для девочки плюшевая с ручкой Единорог, Котёнок",28,444.11,2,5.0
255,2394570,"Конструктор Динозавры ""Трицератопс и бронтозавр"", звуковые эффекты",28,990.0,2,5.0
256,2324757,Декор Новогодний своими руками. Чайный домик. Зимний домик,28,690.0,0,5.0
257,417018,"Пирамидка ""Счёты""",28,390.0,0,4.0
258,348104,"Набор для творчества Bondibon ""Ёлочные украшения"" (паровоз, снеговик, колокольчик, лошадка)",28,549.0,1,0.0
259,38902,Компактные развивающие игры в дорогу САМЫЙ БЫСТРЫЙ от Bondibon,28,750.0,0,5.0
260,2761366,"Хэллоуин. Пазл Ужасно милые корги, Ведьма, Ведьмочка, 54 элемента",27,99.0,23,0.0
261,1024152,"Счетный материал ""Палочки для счета"", 50 штук",27,185.0,3,0.0
262,972539,Шпионская мафия,27,185.0,0,0.0
263,903450,"Магнитики новогодние С Новым годом! Магниты Дед мороз, ёлочка, снегурочка, снежинки",27,265.0,0,5.0
264,903367,Логика с пеленок. Развивающая игра Пиши-Стирай,27,495.0,12,5.0
265,522626,Надувной круг для плавания Big Animal 72*66см 3-6 лет,27,390.0,0,5.0
266,438427,"Пазлы детские деревянные  для малышей ""Животные "", 4 картинки в наборе",27,420.0,20,5.0
267,1008331,Игра для детей Сорви башню (цветная)/ Падающая башня,26,612.0,7,5.0
268,234058,Зубастый динозавр cо светом и звуком настольная игра BONDIBON,26,1305.0,6,3.7
269,38891,Компактные развивающие игры в дорогу ЛОГИЧЕСКИЕ ИГРЫ Bondibon,26,620.0,0,0.0
270,2680595,"Раскраска -книжка детская. Соник, Котёнок, Тигренок, Пони, Единорог, Чебурашка, Щенок",25,149.0,60,0.0
271,1009744,"Шахматы, шашки, Словодел  3 игры в 1 Магнитные умные игры в дорогу",25,759.0,0,5.0
272,978469,"Детская настольная командная игра ""Зловещая мафия""",25,185.0,0,0.0
273,965661,"Детский коврик ""Автодорога"" +2 деревянные машинки",25,890.0,0,5.0
274,901437,"Рисовалки, обводилки. 72 задания, 36 многоразовых карточек. Пиши-Стирай",25,495.0,0,0.0
275,424627,"Деревянная игрушка - шнуровка Изюм,  ""Три кота""",25,175.0,0,5.0
276,2377508,"Конструктор, кубики Синий трактор: Алфавит, 9 шт",24,390.0,16,5.0
277,932203,"Карточная настольная игра ""Вампирская мафия""",24,245.0,1,0.0
278,925140,Детское Деревянное лото Домашние и дикие животные,24,415.0,0,3.0
279,925125,"Лото детское ""Овощи, фрукты, ягоды"" деревянное. Настольная детская игра",24,395.0,0,0.0
280,924332,"Настольная развивающая игра для малышей ""Лото детское. Половинки""",24,380.0,0,5.0
281,512278,Радужные мыльные пузыри,24,99.0,0,5.0
282,509533,"Круг надувной Animal с разъемными концами, 3-6лет",24,350.0,0,0.0
283,457121,"Лабиринт ""Рыбка""",24,472.5,1,5.0
284,424614,"Часики-сортер ""Три кота"", детские обучающие часы",24,681.59,3,5.0
285,419307,"Деревянный конструктор - каталка ""Полицейская машина""",24,380.0,0,5.0
286,129019,"""Малыши считают"", компактные развивающие игры в дорогу от Bondibon",24,549.0,0,5.0
287,13313,"Шнуровка ""Запасливый Ёжик""",24,750.0,0,5.0
288,2671058,"Аппликация стразами для детей. Мозаика Лиса, набор для творчества",23,359.0,2,5.0
289,925108,"Деревянное лото Собирай-ка: овощи, фрукты, грибы, цветы",23,415.0,15,5.0
290,799192,"Страны мира 2, Игра-викторина серия ""Умная Сова"" Bondibon",23,791.12,2,5.0
291,539270,"Раствор радужных мыльных пузырей, баночка  240 мл",23,180.0,0,5.0
292,1613,"Деревянная игрушка ""Весёлый жирафик"" 3 в 1: счеты, арифметические кубики, лабиринт",23,1750.0,0,5.0
293,1612,"Деревянная игрушка ""Музыкальный жирафик"" 3 в 1: счеты, арифметические кубики, ксилофон",23,1750.0,0,5.0
294,2744709,Раскраска для девочек. Моя мода. Стильные тренды. Гламурные питомцы,22,149.0,8,5.0
295,2327715,"Конструктор для мальчиков- трансформер ""Динозавр"", 3 варианта сборки",22,1290.0,23,5.0
296,1603250,Прорезыватель / грызунок для малышей в виде животных,22,239.0,69,5.0
297,507123,"Пазл-сортер для малышей ""Кто где живет"", развивающая деревянная игрушка",22,454.09,7,4.5
298,456824,"Пазлы детские деревянные для малышей ""Животные"", 4 картинки в наборе",22,420.0,17,5.0
299,350952,"Игрушка каталка ""Шнуровка лошадка"", деревянная, на верёвочке",22,375.0,5,5.0
300,172503,"Детская активная подвижная игра ""Твистер - Пицца""",22,441.0,2,5.0
301,2678173,"Настольная игра Весёлые ребусы, 30 карт, 3+",21,269.0,19,0.0
302,2539433,"Платочек / комфортер - шуршалка для малышей. Черно-белые картинки, 20*20 см",21,390.0,0,5.0
303,2077514,"Доски для выжигания, 5 штук",21,439.12,15,5.0
304,494186,Деревянная игрушка - Сортер,21,480.0,0,5.0
305,418769,Пирамидка - счеты,21,627.9,2,5.0
306,2673434,"Абакус. Счёты по методике Ментальная арифметика, 15 рядов",20,499.0,0,0.0
307,2518364,Книга Рисуем наклейками по номерам. Создай свой шедевр!,20,449.0,0,0.0
308,2201006,"Детская настольная игра ""Что я делаю?"" из серии Кто я? и Где я нахожусь?",20,399.0,2,0.0
309,2071595,"Кубики детские с картинками ""Учим алфавит"" азбука пластмассовые",20,329.0,0,0.0
310,1832834,"Развивающая настольная игра в слова ""Словодел"". Составь слово",20,329.0,0,0.0
311,1813929,"Развивающая игра для малышей на липучках : Кто где живет?, Изучаем цвета",20,749.0,1,5.0
312,1058698,Крупные мягкие пазлы для детей 24 элемента. Дисней. Королевские питомцы. Пазлы для девочек,20,164.0,0,5.0
313,1010191,"Детское домино ""Транспорт"", серия Вaby Toys",20,355.0,0,5.0
314,977687,"Детская настольная игра ""Пиратская мафия""",20,217.0,0,0.0
315,703417,"Книга раскрасок антистресс, 24 листа, 12 дизайнов",20,320.0,0,5.0
316,604909,"Деревянная игрушка - шнуровка, 4 вида",20,155.0,0,5.0
317,539420,"Деревянная развивающая игрушка - шнуровка ""Ферма и Саванна""",20,325.0,21,5.0
318,434783,"Лабиринт ""Корова""",20,472.5,13,5.0
319,416668,Деревянная игрушка Сортер с шнурками,20,510.0,0,4.8
320,353251,Деревянная музыкальная игрушка для детей Ксилофон / Металлофон,20,801.0,2,0.0
321,309712,"Каталка "" Котик "" развивающая деревянная игрушка",20,285.0,0,0.0
322,309468,Пирамидка Alatoys Счёты,20,599.0,0,4.5
323,304606,"Игрушка погремушка Bondibon Baby You ""Сова"" с прорезывателями",20,370.0,0,5.0
324,257980,"Книга для купания и игр в ванной ""Кто моя мама?"", Bondibon",20,180.0,0,5.0
325,190890,Грабельки 17см,20,11.0,0,5.0
326,91618,Мозайка детская,20,160.0,0,4.0
327,13399,Губная деревянная гармошка,20,150.0,0,4.4
328,13241,"Сортер для развития мелкой моторики, 2х2",20,395.0,0,5.0
329,10005,"Сортер ""Логический слонёнок""",20,550.0,0,5.0
330,2767578,"Гирлянда на ленте на Хэллоуин Happy Halloween, кошки -тыквы",19,199.0,1,0.0
331,1607133,"Пазлы детские ""Животные""",19,225.0,0,5.0
332,949646,Планшет доска для рисования маркерно-меловой двусторонний с маркером,19,275.0,0,0.0
333,419514,"Счетный материал ""Палочки для счета"" 50 деталей",19,235.0,0,0.0
334,419328,"Деревянная развивающая игрушка Пазл - вкладыш ""Сафари""",19,365.0,3,5.0
335,350909,"Игрушка-каталка ""Шнуровка Коровка"", деревянная, на верёвочке",19,375.0,11,5.0
336,172429,"Футбол, Боулинг, Баскетбол"" Настольная семейная игра ""3в1""",19,1439.1,6,5.0
337,134375,Вкладыши,19,120.0,0,3.0
338,38757,"""Найди отличия!"" - компактная развивающая игра в дорогу Bondibon",19,620.0,0,5.0
339,12919,Автовоз,19,800.0,0,5.0
340,10659,Деревянная пирамидка,19,199.0,0,4.5
341,2189,"Новогодние чехлы на спинку стула, 2 штуки",19,200.0,0,4.5
342,2748091,"Уно / UNO/ Настольная игра на реакцию и внимание UMO momento, 70 карт, 8+",18,349.0,12,0.0
343,2691711,"Книжка-шуршалка с погремушкой. Кто как говорит? Животные фермы, Зоопарк",18,690.0,0,0.0
344,2670927,"Книга развивающая для детей. Буквенные и математические лабиринты ( ребусы, логика)",18,99.0,4,5.0
345,2224214,"Слайм с блестками, стекло, разноцветный, большой размер",18,259.0,0,5.0
346,2016878,Настольная игра для детей Новогоднее МЕМО,18,239.0,0,0.0
347,1315962,"Доски для выжигания ""Любимые праздники"", 10 шт в наборе",18,781.69,18,5.0
348,10328,"Сортировочный бокс, 80 предметов",18,760.0,0,5.0
349,3064844,"Игрушка развивающая для купания в ванной. Мишка /Лягушка, 3 мячика в комплекте",17,449.1,3,5.0
350,2538844,Книжка-раскраска для ванны Животные Африки по методике Гленна Домана,17,417.69,8,0.0
351,2378971,"Пазлы детские мягкие для малышей Транспорт, Животные",17,320.0,67,5.0
352,2330948,"Рюкзак детский плюшевый Лисёнок, Кошечка, Котик, Единорог",17,549.0,22,0.0
353,2324726,"Мягкая елочная игрушка из фетра, новогодние игрушки своими руками, 6 штук",17,499.0,24,5.0
354,1999407,"Новогодняя ёлочка. Набор для творчества, 3D модель",17,229.0,3,5.0
355,977149,"Настольная игра Денежка ""Играем в магазин. Покупаем всякую всячину""",17,409.2,26,0.0
356,938635,"Магнитная игра, Мозаика детская на магните",17,400.5,2,5.0
357,172465,"Настольная семейная игра ""Весёлые кольца""",17,810.0,0,0.0
358,38897,Логические игры. Серия Компактные развивающие игры в дорогу,17,750.0,0,0.0
359,1640,"Коврик для рисования ""Автобус"", 58х48 см",17,350.0,0,5.0
360,2976090,"Кружка Новогодняя детская, сублимация, Холодное сердце, Микки Маус, Пони, керамика, 350 мл",16,419.0,98,5.0
361,1999473,Ёлка новогодняя с игрушками. Дереявянная ёлочка для декора,16,711.0,10,5.0
362,1610616,Настольная игра Крестики-нолики с деревянными фишками и полем,16,225.0,0,5.0
363,1010260,"Пластмассовые кубики ""Принцессы"" Disney, 6 штук",16,230.0,2,0.0
364,938755,"Кукла-перчатка ""Единорог""",16,255.0,0,5.0
365,605559,"Деревянная развивающая игрушка - пазл ""Азбука"" буквы русского алфавита",16,849.0,9,5.0
366,419588,"Шнуровка ""Динозавр""",16,180.0,0,5.0
367,414790,"Игра Мемори ""Автомобили"" развивающая детская деревянная игра Мемо",16,449.0,0,5.0
368,309197,"Пазл Коржик ""Три кота"" развивающая деревянная игрушка",16,210.0,0,5.0
369,258075,"Набор игровой Вondibon Играем в воде, РЫБАЛКА 6 рыбок",16,380.0,0,0.0
370,77700,Пирамидка,16,300.0,0,5.0
371,39115,Марионетки Куклы/Пираты/Динозавры - Набор для творчества  от BONDIBON.,16,220.0,0,5.0
372,37714,Игровой набор для купания,16,390.0,0,5.0
373,9868,"Игрушка-балансир ""Голубка""",16,599.0,0,5.0
374,2334363,"Мягкая игрушка ""Акула""",15,584.1,15,5.0
375,1999475,Пальчиковый театр Животные,15,494.1,25,5.0
376,1009106,"Развивающая игра в дорогу пиши стирай ""Я рисую"" для рисования",15,469.0,0,5.0
377,1008255,"Детская настольная игра ""Сорви башню"" или ""Падающая башня""",15,499.0,0,5.0
378,897689,Зоопарк. Магнитные истории Всякая всячина,15,219.0,0,5.0
379,694142,Изучаем цвета и формы на липучках. Компактные развивающие игры в дорогу малышам,15,750.0,0,0.0
380,688940,"Надувной круг с сидением модели для малышей ""My baby Float"" 67см 1-2 года",15,480.0,0,0.0
381,684903,"Конструктор  ""Пожарная Служба"" Вертолет, Пожарная машина, Пожарный пост",15,285.0,0,5.0
382,683622,"Надувной круг 91 см, от 9лет 3 цвета",15,490.0,0,5.0
383,605138,"Игры с прищепками ""Учим буквы"" Алатойс",15,405.0,2,0.0
384,506842,"Книга для купания и игр в ванной, Курочка Ряба, 15х15 см",15,210.0,0,5.0
385,452353,"Деревянная игрушка - ""Шнуровка кеда""",15,408.03,2,5.0
386,424631,"Деревянная игрушка-шнуровка Нудик, ""Три кота""",15,135.0,0,0.0
387,424624,"Деревянная игрушка - шнуровка Шуруп, ""Три кота""",15,175.0,0,5.0
388,424620,"Деревянная игрушка-шнуровка Горчица, ""Три кота""",15,175.0,0,5.0
389,419365,"Шнуровка ""Кролик Ребекка"" Алатойс",15,150.0,0,0.0
390,304814,Набор игрушек для купания Bondibon Baby You 7 предметов с крокодилом,15,345.0,0,4.5
391,122522,Набор погремушек Bondibon Baby You Гантельки 2 шт.,15,199.0,0,5.0
392,112280,Пирамидка Животные,15,550.0,0,5.0
393,107069,Геометрические фигуры - развивающие игрушки Монтессори,15,150.0,0,5.0
394,77988,Cчетные палочки цветные 100 шт,15,100.0,0,5.0
395,36210,Игра Дженга / Падающая башня,15,510.0,0,0.0
396,31655,Игрушка для развития моторики Серпантинка,15,850.0,0,5.0
397,2185,"Новогодние декоративные наволочки, 45х45 см",15,199.0,0,0.0
398,2694925,Нейропсихологический набор. Развивающие карточки для детей,14,290.0,6,0.0
399,2409477,Мягкие кубики для малышей Собери картинку. Алфавит. Мякиши,14,890.0,1,0.0
400,2336930,"Конструктор робот «Полицейский транспорт», 6 видов",14,399.0,16,0.0
401,2334426,"Конструктор блочный, для девочек",14,549.0,15,5.0
402,1832639,"Мозаика детская напольная с крупными фишками, Развивающая игрушка",14,408.59,16,0.0
403,1197721,"Лото для детей ""Методика Сегена""",14,499.0,0,0.0
404,1031028,Магнитная игра Арифметика с заданиями. Набор магнитных цифр Учимся считать,14,456.0,0,0.0
405,1009646,Кубики с английским алфавитом ABC,14,325.0,16,0.0
406,897699,"Игра ""Магнитные истории. Всякая всячина. Зоопарк"", 6 зверей",14,219.0,1,0.0
407,683697,"Конструктор Стройка: экскаватор, кран",14,468.0,1,5.0
408,453833,"Деревянная игрушка Сортер, 15 х 15 см",14,454.09,3,0.0
409,419229,"Конструктор - каталка ""Пожарная машина""",14,690.0,0,5.0
410,350936,Каталка Лев деревянная развивающая игрушка шнуровка 2в1,14,375.0,0,0.0
411,258084,"Набор игрушек для купания Bondibon Baby You ""Стаканчики с лейкой-китом""",14,290.0,0,5.0
412,70281,"Деревянная пирамидка, 21 см",14,10.0,0,4.3
413,1965188,"Конструктор  ""Железная дорога"", Транспорт, Поезд",13,801.0,7,4.0
414,608800,"Игры с прищепками ""Весёлые зверята""",13,409.5,4,0.0
415,419317,"Деревянная игрушка, пазл-вкладыш ""Ферма""",13,355.0,7,5.0
416,419199,"Пирамидка детская Алатойс ""Счёты"", учимся считать",13,531.0,9,5.0
417,2204,Новогодняя сумка для подарков,13,130.0,0,5.0
418,1798,"Новогодняя скатерть, 132 х 208 см",13,650.0,0,4.5
419,4103708,Кошелёк детский. Монетница. Котята,12,199.0,12,0.0
420,3064910,"Сумка детская для девочки ""Лисичка"", на клапане",12,381.81,38,5.0
421,1606961,"Игрушка развивающая ""Геоборд"", деревянная",12,875.0,0,0.0
422,1266595,"Эмоции, развивающая игра для малышей, пластик на липучках",12,699.0,3,5.0
423,1248134,Пазл для заполнения. Чистый пустой пазл,12,210.0,3,0.0
424,1092264,Коврик детский Автодорога +1 машинка,12,756.5,3,0.0
425,871312,"Игрушка ""Утенок на колесиках""",12,142.0,0,4.0
426,869182,Конструктор Sluban Builder mini,12,85.0,0,0.0
427,693665,"Водная многоразовая раскраска с трафаретами для рисования Коврик ""Весёлый счёт"", 2 ручки",12,674.1,2,0.0
428,684925,"Коврик-водная многоразовая раскраска для рисования, 35 х 50 см",12,599.0,0,0.0
429,447131,"Сортер - тетрис ""Логический квадрат""",12,450.0,0,5.0
430,50192,Яйцо с конструктором Динозавры,12,190.0,0,5.0
431,50191,Яйцо с конструктором Монстры,12,190.0,0,5.0
432,2188,"Рождественский носок, 45 см",12,350.0,0,5.0
433,1807,Новогодние чехлы для столовых приборов,12,35.0,0,0.0
434,253,"Игрушка-стучалка ""Лягушонок Леон""",12,550.0,0,5.0
435,2394719,Конструктор Синий трактор,11,349.0,9,5.0
436,1031416,"Настольная детская развивающая игра ""Смелые зайцы"" Серия Baby Toys Gаmes",11,468.0,0,5.0
437,925180,Детская настольная игра Лото для малышей. Животные,11,625.0,0,5.0
438,903648,"Набор для вышивания Дед Мороз, Вышивка крестиком, Новогодняя",11,249.0,19,0.0
439,418604,Пирамидка Ступеньки 10 деталей,11,900.9,4,0.0
440,234369,"Игра бродилка ходилка ""Путешествие по сказке"" Красная шапочка, Колобок, Теремок",11,274.0,0,5.0
441,110318,Набор для рисования,11,400.0,0,0.0
442,38040,Доска-вкладыши,11,230.0,0,5.0
443,13242,"Деревянный сортер ""Тетрис"" - Собери квадрат",11,400.0,0,5.0
444,2158,"Подсвечник ""Фонарь на держателе"", 21 см",11,330.0,0,5.0
445,2051,"Игрушка-вкладыши ""Животные""",11,199.0,0,5.0
446,2677928,"Настольная игра для детей Умножаем на раз-два, Учим таблица умножения",10,399.0,0,5.0
447,2670935,"Нейропсихологический набор пиши-стирай Рисуй двумя руками. Шаг 1, 20 карт, Маша и Медведь",10,390.0,10,5.0
448,2448668,Набор для рисования на воде Эбру серия Magic ART (с фигурками),10,890.0,0,0.0
449,2326576,"Конструктор блочный ""Кафе-кондитерская""",10,890.0,14,5.0
450,2209241,Словесный батл. Составь слово. Настольная игра в слова,10,599.0,0,0.0
451,2209183,"Настольная игра для большой компании, Sketch ""Батл Челлендж"" на опознавание слов",10,599.0,0,5.0
452,1965306,"Набор для творчества Вырезай-ка ""Аппликация. Учимся вырезать""",10,269.0,0,0.0
453,1815084,"Развивающая игра на липучках: ""Кто что ест?"", изучаем фигуры",10,649.0,18,0.0
454,1501932,"Игра головоломка деревянная ""Танграм"" цветная",10,299.0,0,5.0
455,1501919,"Игра головоломка деревянная ""Танграм""",10,299.0,0,5.0
456,1208583,Календарь. Семейный планер на 2022 год,10,480.0,0,5.0
457,1030892,Магнитная игра Арифметика с заданиями европодвес,10,256.0,0,0.0
458,1009494,"Судоку 8+, Игры в дорогу",10,456.0,0,5.0
459,1009455,"Логические игры для детей. ""Логикум"". Игры в дорогу",10,456.0,0,0.0
460,1009202,"Логические игры в дорогу. Тактик-Турнир, 8+",10,456.0,0,4.0
461,949794,Планшет маркерно-меловой двусторонний,10,215.0,0,5.0
462,949713,"Доска маркерная двусторонняя ""Чек-Лист""",10,249.0,0,0.0
463,949689,Доска маркерная двусторонняя + маркер стирающийся. Расписание,10,249.0,0,0.0
464,907397,Елочка. Набор для вышивки новогодний (блистер),10,145.0,0,0.0
465,903558,Pizza Party. Кто быстрее приготовит пиццу? Настольная игра,10,750.0,0,0.0
466,901629,"Ребусы, кроссворды. Развивающая игра Пиши-Стирай",10,430.65,4,0.0
467,899320,Контурные пазлы Обитатели моря. Первые пазлы малыша,10,355.0,10,0.0
468,868850,Головоломка змейка,10,120.0,0,0.0
469,844757,"Бизиборд деревянный ""Часы-календарь"", обучающий",10,750.0,0,0.0
470,711573,"Пазл, рыбалка, конструктор. Деревянная игра 3в1",10,1215.0,18,5.0
471,693644,Детский коврик для рисования - коврик для детей 39 х 29 см + 2 ручки,10,549.0,0,0.0
472,674440,"Настольная игра ""Геоборд"" двусторонний с 10 карточками сюжетами",10,849.0,0,0.0
473,608842,"Деревянная игрушка - шнуровка ""Сыр""",10,190.0,0,0.0
474,605590,"Пазлы детские ""Кто чья мама?""",10,450.0,0,0.0
475,535109,"Кубики ""Весёлая арифметика"" или учимся считать, Умные кубики. Цифры, 12 шт",10,255.0,0,0.0
476,512391,"Набор для создания аксессуаров из бусин, пластик",10,280.0,0,5.0
477,510143,"Мыльные пузыри ""Волшебные пузырьки""",10,180.0,0,4.0
478,494154,Деревянная игрушка- Шнуровка Бабочка,10,110.0,0,0.0
479,488061,Шнуровка Паровоз,10,110.0,0,0.0
480,456703,"Набор прищепок ""Учимся считать""",10,160.0,0,5.0
481,416650,Сортер Шарики,10,441.0,10,0.0
482,416614,"Детское домино ""Фрукты-овощи""",10,420.0,21,5.0
483,352738,Деревянный сортер 21 - Алатойс,10,590.0,0,0.0
484,322908,"Набор деревянных Пазлов ""Животные""",10,299.0,0,0.0
485,322639,Сортер Дроби-фигуры,10,390.0,0,5.0
486,322236,Сортер Алатойс,10,499.0,0,0.0
487,309622,"Шнуровка ""Яблоко"" развивающая деревянная игрушка",10,200.0,0,0.0
488,309195,"Пазл Компот ""Три кота""  развивающая деревянная игрушка",10,210.0,0,0.0
489,304383,"Набор погремушек Bondibon Baby You ""Мороженое, Кот"" 2 шт.",10,190.0,0,5.0
490,304361,"Набор погремушек Bondibon Baby You ""Бабочка, Овечка"" 2 шт.",10,190.0,0,5.0
491,190717,Набор для песка Disney «Винни и его друзья» Полесье,10,150.0,0,5.0
492,172676,Грабельки для игр в песочнице,10,12.0,0,5.0
493,172618,"Набор для песка №34 (розовый, голубой)",10,250.0,0,0.0
494,172595,Набор для песка № 11 (111/1+029+сред.сито+003+004) НОРДПЛАСТ,10,299.0,0,0.0
495,172558,Цветные столбики,10,250.0,0,0.0
496,172547,"Карточная игра ""Крокодильчик""",10,220.0,0,0.0
497,172514,"Настольная семейная игра ""ПАДАЮЩАЯ БАШНЯ""",10,711.0,6,5.0
498,156519,"Мягкие животные 2в1 Bondibon Вывернушка, 17 см",10,390.0,0,5.0
499,131404,Игрушка - каталка Животные,10,350.0,0,3.0
500,122541,Игрушка-погремушка Bondibon Baby You Лев с прорезывателями,10,269.0,0,0.0
501,122215,Игрушка - погремушка Bondibon Baby You Жираф с прорезывателями,10,495.0,0,0.0
502,122211,Набор игрушек для купания в ванной Сачок-акула и 3 рыбки Bondibon Baby You,10,450.0,0,5.0
503,89482,Кастаньетки,10,99.0,0,0.0
504,77696,Набор деревянных инструментов,10,690.0,0,0.0
505,70284,"Головоломка "" Ханойская башня """,10,550.0,0,0.0
506,39096,"Набор игрушек для купания BONDIBON - ""Корабль, дельфин, утенок, черепаха""",10,300.0,0,0.0
507,38919,"Магнитная игра для путешествий Тангос ""Животные""",10,890.0,0,5.0
508,31666,Сортер 2 в 1 для развития мелкой моторики,10,550.0,0,5.0
509,30784,Деревянная игрушка - конструктор Ёжик,10,690.0,0,0.0
510,29845,Деревянный конструктор - балансир Кактус,10,950.0,0,0.0
511,13270,"Игра ""Джэнга"", 6 цветов",10,490.0,0,0.0
512,9902,"Кубики, 9 штук",10,170.0,0,0.0
513,2197,"Декоративные наволочки 45х45 см , 2 штуки",10,150.0,0,0.0
514,2183,"Новогодние декоративные наволочки, 45х45 см",10,199.0,0,5.0
515,358,"Мозаика ""Пуговицы""",10,650.0,0,5.0
516,2974158,"Электронный музыкальный плакат игрушка Новогодний, звук",9,499.0,11,0.0
517,2566136,Развивающие чёрно-белые карточки на кольце Животные по методике Г. Домана,9,299.0,11,5.0
518,2348487,"Игрушка мягкая Зайка Мия с длинными ушками в подарок девочке, Мякиши 30 см",9,1299.0,0,0.0
519,2330047,"Конструктор для девочек ""Океанариум""",9,1990.0,1,5.0
520,2297240,"Набор развивающих игр для малышей ""Учись, играя!"" 7 в 1",9,1590.0,4,0.0
521,2293945,"Декор своими руками ""С Новым годом!""",9,289.0,17,5.0
522,2208171,"Пазлы MAXI Baby Toys ""Собирай цвета"" для малышей",9,449.1,3,5.0
523,1248715,Планер магнитный А4 с маркером,9,290.0,0,4.0
524,1170891,Набор для творчества Ёлочные украшения Подарок на новый год,9,299.0,0,5.0
525,1122616,"Лото для детей развивающее ""Кем быть?""",9,215.0,0,0.0
526,1092089,"Набор для фото и видеосъёмки: Светодиодная кольцевая селфи лампа, микрофон, штатив, линзы",9,1879.06,8,3.0
527,1034286,"Пазлы детские деревянные в рамке ""Лесные животные""",9,390.0,20,0.0
528,1033663,"Обучающее лото для детей ""Зоопарк"", изучаем животных",9,199.0,0,5.0
529,1009360,"Логические игры в дорогу ""Вокруг слов"" с многоразовыми страничками Пиши-стирай",9,434.13,1,0.0
530,950441,"Домино детское в картинках ""Для девчонок"" Вaby Toys",9,355.0,11,5.0
531,703273,Лягушка - сачок и животные. Набор для игр в ванной,9,560.0,0,5.0
532,608831,"Пазлы ""Кто что ест?"" из дерева",9,426.79,2,0.0
533,605434,"Игры с прищепками ""Учим цифры""",9,405.0,7,3.0
534,539193,"Надувной круг ""Милые зверята"" до 40кг, от 8 лет, 3 вида",9,380.0,0,3.0
535,507076,Нарукавники Тропические приятели  INTEX 3-6 лет,9,190.0,0,0.0
536,419338,"Шнуровка ""Почтальон зебра Зои"" Свинка Пеппа",9,150.0,7,0.0
537,416642,Сортер и Балансир. Развивающая деревянная игрушка 2 в 1,9,681.59,4,5.0
538,348051,"Набор для творчества Bondibon ""Ёлочные украшения"" Снеговичок",9,280.0,14,5.0
539,322913,"Пазлы детские деревянные ""Транспорт"", 4 картинки в наборе",9,355.0,0,0.0
540,304389,"Набор погремушек Bondibon Baby You ""Птичка, ёж"" 2 шт.",9,190.0,0,5.0
541,190841,"Набор игровой для песка: Ведерко, лопатка, грабли, формочки",9,390.0,9,0.0
542,102650,"Набор для творчества Bondibon ""Ёлочные украшения""",9,286.0,0,5.0
543,37930,"Магнитный конструтор, разборная модель",9,550.0,0,5.0
544,13321,Свинка на облаке,9,250.0,0,5.0
545,10198,"Деревянный пазл ""Семья кроликов""",9,599.0,0,0.0
546,6706,"Конструктор деревянный в ящике, 26 деталей",9,150.0,0,0.0
547,2161,Подсвечник в винтажном стиле,9,299.0,0,5.0
548,2155,"Подсвечник ""Фонарь"", 13 см",9,299.0,0,5.0
549,2973506,"Мялка антистресс тянучка Собака, с песком",8,249.0,3,0.0
550,2882998,"Книжка-раскраска водная многоразовая Рисуем водой. Загадки, Найди и покажи",8,449.0,72,0.0
551,1315832,"Шашки, шахматы, ""Крестики-нолики, Кто первый?"", магнитные игры, 4в1",8,340.0,7,0.0
552,924218,"Лото детское, настольная игра для детей ""Силуэты""",8,454.09,16,0.0
553,924104,Лото для детей Азбука русский алфавит. Детское лото,8,454.09,16,0.0
554,868993,Конструктор Sluban,8,175.0,0,0.0
555,672980,Конструкторы Sluban Строительная техника,8,140.0,0,5.0
556,134368,"Пазл ""Часы""",8,349.0,2,5.0
557,89505,Мозайка,8,1149.0,0,0.0
558,58566,Водный пистолет в ассортименте,8,150.0,0,0.0
559,39252,Ноев ковчег - Магнитная игра Bondibon для путешествий,8,620.0,0,5.0
560,39117,"""Найди отличия. Новогодняя серия""  Мини игры в дорогу от Bondibon",8,590.0,0,5.0
561,35817,"Деревянная игрушка - балансир ""Слонёнок""",8,350.0,0,5.0
562,13773,Контурные пазлы 6 картинок в коробке,8,350.0,0,5.0
563,326,Ксилофон,8,380.0,0,5.0
564,2974154,"Активити - книга новогодняя ""Найди и покажи. Мы встречаем Новый год""",7,149.0,33,5.0
565,2796031,Пазл светящийся в темноте Ночь ужасов. Подарок на Хэллоуин,7,399.0,13,0.0
566,2398639,"Конструктор детский для девочек "" На воздушном шаре"", "" Пляжный отдых""",7,490.0,7,5.0
567,2381835,"Конструктор для девочек Единорог, Pixi",7,369.0,34,5.0
568,1607110,"Пазлы детские ""Животные""",7,199.0,12,5.0
569,969352,"Магнитная Карта мира Двусторонняя ""Животные и Достопримечательности"" + магнитные фигуры",7,891.0,3,5.0
570,799463,"Достопримечательности мира, Игра-викторина ""Умная Сова"" Bondibon",7,799.0,0,5.0
571,535086,Сортер - Часики. Обучающие часы. Развивающая деревянная игрушка 2 в 1,7,590.59,16,5.0
572,506870,"Игровой набор для купания и игр в ванной ""Стаканчики"", Bondibon",7,499.0,3,0.0
573,352884,"Деревянная развивающая игрушка Сортер ""Геометрические фигуры""",7,450.0,0,3.0
574,234059,Зубастая собака со светом и звуком настольная игра BONDIBON,7,850.0,0,0.0
575,190956,"Набор для песка ""Башня""",7,250.0,3,0.0
576,172620,Набор для песка в сетке 14см,7,99.0,0,5.0
577,39264,ЛОГИЧЕСКИЕ ИГРЫ. Новогодняя серия -Компактные развивающие игры в дорогу  Bondibon,7,320.0,0,0.0
578,39257,ПИНГВИНЫ на параде-Магнитная игра Bondibon для путешествий,7,620.0,0,0.0
579,35657,"Сортер ""Львёнок""",7,550.0,0,5.0
580,2974167,"Игрушка из фетра своими руками на новый год Сияющий гномик, набор для творчества",6,390.0,14,5.0
581,2677934,"Настольная игра для детей. Хватайка-умножайка, Учим таблицу умножения",6,349.0,4,5.0
582,2411605,"Настольная детская игра Найди отличия Холодное сердце, Синий трактор",6,269.0,14,5.0
583,2336340,"Конструктор Машина - Трансформер с инерционным механизмом ""Гоночный автомобиль"", суперкар",6,1161.0,14,0.0
584,1986092,"Настольная игра ""Коридорный лабиринт""",6,1649.0,3,5.0
585,1185771,"Игра настольная Денежка ""Играем в магазин. Покупаем одежду и обувь""",6,465.0,5,0.0
586,978574,"Мафия детская ""Зоопарк"" Настольная игра для детей",6,230.0,4,0.0
587,684653,"Конструктор Автомобиль AUSINI, 3 варианта сборки, 143 детали",6,510.0,0,5.0
588,434771,Деревянный сортер Свинка Пеппа,6,399.0,4,0.0
589,309652,"Шнуровка ""Дерево"", развивающая, деревянная игрушка",6,405.0,9,5.0
590,172653,Набор для песка №47,6,290.0,0,0.0
591,138708,"Пазлы ""Где мой малыш?""- настольная игра Bondibon",6,450.0,0,5.0
592,125550,"Настольная игра домино ""Калейдоскоп. Игра на внимание""",6,454.09,7,0.0
593,122615,Мягкая игрушка-погремушка Bondibon Baby You с прорезывателем,6,300.0,0,5.0
594,122190,Набор погремушек Bondibon Baby You 2 шт,6,144.0,0,0.0
595,110360,Набор объёмных геометрических фигур из дерева,6,650.0,0,5.0
596,89514,Творческая Мозайка с 10  картинками - основами,6,1250.0,0,5.0
597,56807,Держатель игрушек для ванной комнаты,6,350.0,0,0.0
598,35438,Развивающая игрушка - балансир Весы,6,550.0,0,5.0
599,13408,Бубен,6,147.0,0,0.0
600,4028493,"Книжка для малышей Чуковский К, Айболит, Крокодил",5,139.0,15,0.0
601,2336173,"Конструктор ""Акула"", 3 варианта сборки",5,1290.0,16,5.0
602,2330939,"Конструктор для девочек ""Фургон кафе-мороженое"", блочный",5,1690.0,15,0.0
603,2213199,"Пазлы Животные для детей ""Забавные зверюшки"", ""Звери и профессии""",5,499.0,12,0.0
604,2200670,Кто я ? Кто ты? Настольная детская игра Тарантинки,5,599.0,9,0.0
605,1528875,"Настольная детская игра на логику ""Динозавры. Подземные клады""",5,1149.0,0,0.0
606,1500384,"Деревянная развивающая игра на логику ""Весёлые столбики"", методика Монтессори",5,790.0,0,0.0
607,1141961,"Набор для творчества ""Новогодние украшения: Снеговик""",5,399.0,8,5.0
608,1030262,"Лото ""Профессии"" детская развивающая игрушка",5,499.0,0,0.0
609,949875,"Игра развивающая ""Часы. Я считаю. Времена года""",5,349.0,20,5.0
610,938919,"Кукла-перчатка ""Тигр"" ",5,255.0,0,0.0
611,938320,"Игра настольная Домовой, поиграй со мной!",5,580.0,0,0.0
612,809789,"Весёлый зоопарк, Игра-викторина серии ""Умная Сова"" от Bondibon",5,659.0,0,0.0
613,799230,"Профессии и специальности Игра-викторина ""Умная Сова"" Bondibon",5,799.0,0,0.0
614,694190,"Магнитные сказки ""Колобок и репка""",5,450.0,0,0.0
615,689439,"Игрушка развивающая ""Чудо месяц"",свет, звук,проектор Play Smart",5,1350.0,0,0.0
616,684633,"Конструктор Капитан AUSINI, 2 в 1, 132 детали",5,380.0,0,0.0
617,683386,"Музыкальный коврик ""Животный мир"" с русским озвучиванием и полем для рисования",5,950.0,0,0.0
618,608858,"Деревянная развивающая игрушка Шнуровка ""Груша""",5,230.0,0,5.0
619,605530,"Конструктор деревянный ""Городок"" от Алатойс",5,690.0,0,0.0
620,537474,Маска для плавания детская краб и акула,5,530.0,0,0.0
621,494267,Конструктор Городок 27 деталей наполовину окрашенный,5,990.0,0,0.0
622,494235,Конструктор Городок 40 деталей наполовину окрашенный с деревянным ящиком в комплекте,5,1345.0,0,0.0
623,456844,"Металлофон ""Совушка"" от Алатойс",5,680.0,0,0.0
624,456739,Набор Кубики 12 деталей от Алатойс,5,450.0,0,5.0
625,451386,Каталка Собачка,5,350.0,0,0.0
626,447006,"Деревянная игрушка Шнуровка ""Транспорт""",5,320.0,0,0.0
627,434764,"Деревянная игрушка - Сортер ""Домик""",5,370.0,0,5.0
628,419620,"Пазл Сортер деревянный для малышей - Животные: Утка, собака, медведь, лошадь""",5,412.0,14,5.0
629,367996,Игра Мемори,5,550.0,0,5.0
630,367763,Шнуровка Ёжик,5,250.0,0,0.0
631,367754,"Пазл Карамелька ""Три кота""",5,230.0,0,0.0
632,353106,Бизиборд Непоседа Alatoys,5,1400.0,0,0.0
633,352956,"Лабиринт ""Дружба"" Три кота",5,440.0,0,0.0
634,352644,Деревянный сортер 20,5,558.0,0,5.0
635,348150,"Набор для творчества Bondibon""Ёлочные украшения"" Дед Мороз",5,210.0,0,0.0
636,348032,"Набор для творчества Bondibon""Ёлочные украшения"" Домик Снеговичка Набор для творчества Bondibon""Ёлочные украшения"" Домик Снеговичка",5,210.0,0,0.0
637,323357,"Игры с прищепками ""Учим буквы""",5,330.0,0,0.0
638,323133,Деревянная игрушка - Сортер,5,650.0,0,5.0
639,322915,"Детские деревянные пазлы Алатойс ""Животные""",5,220.0,0,5.0
640,322890,Ксилофон Кот,5,550.0,0,5.0
641,322881,"Бизиборд ""Сказка про репку""",5,1450.0,0,0.0
642,322874,"Бизиборд ""Развивайка""",5,1450.0,0,0.0
643,322823,"Деревянная игрушка - Пазл "" Фигуры "" от Alatoys",5,360.0,0,0.0
644,322535,"Деревянная игрушка - Пазл ""Фигуры""",5,290.0,0,0.0
645,309903,Сортер от Alatoys,5,650.0,0,5.0
646,172680,"3в1 Шахматы, Нарды, Шашки ,  Удачная партия от Bondibon",5,499.0,0,0.0
647,172542,"""Эврика детская"" игра настольная",5,460.0,0,5.0
648,172443,"Настольная обучающая игра ""Спрячь крота"" Bondibon",5,850.0,0,5.0
649,172399,"Настольная семейная игра ""КРЕСТИКИ - НОЛИКИ""",5,393.0,0,5.0
650,122516,Погремушка-прорезыватель Bondibon Baby You Цветок,5,187.0,0,0.0
651,122371,Погремушка-прорезыватель Bondibon Baby You Пчелка,5,190.0,0,0.0
652,122353,Погремушка Bondibon Baby You Цветочек с прорезывателями,5,190.0,0,0.0
653,116525,"Игрушка - погремушка мягкая СОВА, 16 см",5,312.0,0,5.0
654,78784,"Игрушка - стучалка ""Милый козлёнок""",5,580.0,0,5.0
655,50193,Часы - Будильник - Развивающая деревянная игрушка,5,380.0,0,5.0
656,45732,"Игрушка-каталка,  Bondibon,",5,285.0,0,5.0
657,39367,Запасливые белки - Логическая игра Bondibon,5,335.0,0,5.0
658,31882,Головоломка BONDIBON Smart Games Цветовой код (ВВ0352),5,2450.0,0,5.0
659,13772,Набор игрушек для ванны,5,260.0,0,0.0
660,12930,"Домик - сортер, деревянный",5,760.0,0,5.0
661,12912,"Конструктор деревянный ""Creative blocks"", 40 штук",5,600.0,0,0.0
662,9863,"Шнуровка ""Мое фруктовое дерево""",5,590.0,0,5.0
663,9860,"Игровой продуктовый набор, дерево",5,450.0,0,0.0
664,9858,"Игровой набор ""Фрукты-овощи"" из дерева",5,600.0,0,5.0
665,2201,"Конструктор деревянный Happy Farm, 52 детали",5,650.0,0,5.0
666,2187,Юбка для новогодней ёлки,5,250.0,0,0.0
667,1814,"Юбка для новогодней ёлки, белая",5,390.0,0,5.0
668,3062814,Блокнот / ежедневник - смешбук + раскраска антистресс А5,4,329.0,36,0.0
669,2426474,Аквамозаика Мрачные истории,4,790.0,0,0.0
670,2384019,"Настольная игра Мемо, Ребусы, Эмоции, Танцы. Набор 6 в 1",4,549.0,17,5.0
671,2336154,"Конструктор для девочек ""Комната Дорис""",4,499.0,7,5.0
672,1945704,"Конструктор деревянный и пазл ""Город"" в комплекте",4,1484.1,8,0.0
673,1939732,"Кубики детские. Пирамидка из кубиков Транспорт, Лесные животные",4,1341.0,7,0.0
674,1624194,"Развивающая игра для малышей, на липучках, ""Юный кулинар""",4,536.4,10,0.0
675,1607147,"Пазлы детские ""Транспорт""",4,225.0,13,5.0
676,1606848,"Сортер ""Стаканчики"" с пинцетом, Alatoys",4,806.4,2,0.0
677,1027264,"Лото детское деревянное ""Веселые зверята""",4,590.0,0,0.0
678,925214,"Лото для мальчиков: Транспорт, Пираты, Стройка, Космос, Корабли",4,562.5,2,5.0
679,924355,Лото детское Цифры для малышей. Учимся считать,4,485.0,7,5.0
680,683730,"Конструктор ""Розовая мечта"" - Фабрика звезд, 430 деталей",4,1150.0,0,0.0
681,683510,"Музыкальный коврик ""Морские обитатели"" с русским озвучиванием и полем для рисования",4,799.0,0,0.0
682,487917,"Развивающая игрушка Пирамидка ""Счеты""",4,490.5,4,5.0
683,456906,"Деревянная игрушка - Сортер ""Овощи-фрукты""",4,699.0,2,5.0
684,456767,Набор Кирпичики 12 деталей,4,550.0,0,0.0
685,429167,"Пазл Сортер - ассоциации ""Животные""",4,441.0,4,0.0
686,424640,"Пазл-сортер деревянный, ассоциации ""Найди пару"", животные, для малышей",4,441.0,6,0.0
687,419599,"Бизиборд ""Учим цифры"" Три кота",4,1300.0,0,5.0
688,323120,"Ксилофон / металлофон ""Улитка""",4,855.0,1,0.0
689,322655,"Сортер деревянный, пазл ""Дроби - квадраты"". Развивающая игрушка",4,390.0,5,5.0
690,304400,"Погремушка Bondibon Baby You ""Дом, Шарики, Гриб"" 3 шт.",4,210.0,0,0.0
691,172414,"Настольная семейная игра ""Прыгай мяч""",4,450.0,0,5.0
692,122557,Игрушка-подвеска Bondibon Baby You Кот с колокольчиком,4,396.0,0,0.0
693,79876,"Самолет, Магнитный констуктор",4,450.0,0,0.0
694,77966,Деревянная игрушка-стучалка с молотком,4,550.0,0,4.0
695,58561,"Водный пистолет ""Водная Битва"" Bondibon, 17 см",4,90.0,0,0.0
696,56806,Игровой набор для ванной,4,350.0,0,5.0
697,49049,Набор для творчества DIY Бусины,4,390.0,0,0.0
698,46007,"Набор для творчества Bondibon""Ёлочные украшения""",4,145.0,0,0.0
699,44858,"День и Ночь, Логическая игра Bondibon",4,2500.0,0,0.0
700,30810,Танграм в нежных тонах,4,399.0,0,0.0
701,13256,"Магнитный конструктор ""Весёлые друзья""",4,580.0,0,5.0
702,12903,Деревянный конструктор. Большой набор.,4,800.0,0,5.0
703,10314,Пирамидка деревянная,4,210.0,0,0.0
704,6705,"Конструктор деревянный ""Цифры"", 53 детали",4,530.0,0,5.0
705,2465678,"Мялка - антистресс с пазлом Котики, Панда, Динозавр",3,329.0,56,0.0
706,2330053,"Конструктор для девочек ""Замок принцессы""",3,1521.0,9,0.0
707,1999809,Настольная игра-квест,3,703.12,56,0.0
708,1832554,"Альбом ""Мои школьные годы"", книга с карманами на 11 лет",3,990.0,0,0.0
709,1832538,"Альбом для заполнения ""Интервью на каждый год. Твоя история взросления""",3,990.0,0,0.0
710,1607162,"Набор пазлов ""Транспорт""",3,225.0,17,0.0
711,938275,"Мозаика магнитная ""Всякая всячина. Профессии""",3,408.59,7,0.0
712,844805,"Деревянный сортер, геометрические фигуры",3,558.0,10,0.0
713,703297,"Набор для ванной с китом, игрушки, сетка",3,590.0,0,5.0
714,490766,"Бизиборд ""Календарь"" 250 х 250 х 16 мм",3,699.0,0,0.0
715,490701,"Бизиборд ""Лукоморье""",3,1350.0,0,0.0
716,453693,"Бизиборд ""Солнечный День"" Алатойс",3,1550.0,0,5.0
717,453328,"Бизиборд ""Теремок"" Алатойс",3,900.0,0,5.0
718,453208,"Бизиборд ""Учим цвета и цифры""",3,1550.0,0,0.0
719,447181,"Бизиборд ""Календарь природы""",3,1450.0,0,0.0
720,446973,"Деревянная игрушка-сортер ""Бабочка""",3,531.0,2,0.0
721,424605,"Деревянная игрушка Бизиборд ""Учим буквы"", серия ""Три кота"" от Алатойс",3,1350.0,0,5.0
722,416657,Деревянная игрушка Сортер 15,3,459.0,11,0.0
723,367316,Шнуровка  Три кота Азбука,3,450.0,0,5.0
724,367294,Деревянный конструктор Городок,3,1380.0,0,0.0
725,367276,Конструктор Городок 23 детали окрашенный,3,730.0,0,5.0
726,323370,"Балансир ""Зонтик""",3,550.0,0,0.0
727,304911,"Магнитный конструктор Bondibon ""Магнитоформы"" 14 деталей",3,1050.0,0,0.0
728,265871,"Набор для творчества ""Копилка-подарок. Коровка""",3,420.0,0,0.0
729,265837,Набор для росписи Копилка-подарок Кошечка Bondibon,3,420.0,0,0.0
730,265822,"Набор для творчества ""Копилка-подарок"" Свинья-Распрекрасница",3,420.0,0,5.0
731,234079,"Детские пазлы Bondibon Baby You ""Домашние питомцы""",3,330.0,0,0.0
732,234068,"Пазлы детские ""Транспорт"", Bondibon серия Baby You",3,330.0,0,0.0
733,159658,Игры на липучках BONDIBON. Цвета и формы,3,450.0,0,2.0
734,159654,Шнуровка  деревянная Bondibon Baby You,3,350.0,5,0.0
735,129014,"Игры и задания на логику, внимательность. Головоломки, Судоку, Логические игры для детей",3,750.0,2,0.0
736,116530,"Весёлые матрёшки""- настольная игра BONDIBON",3,346.0,0,0.0
737,77341,Компактные развивающие игры в дорогу САМЫЙ ВНИМАТЕЛЬНЫЙ!,3,300.0,0,0.0
738,45994,Сборная 3D модель BONDIBON для раскрашивания с инерционным механизмом,3,112.0,0,0.0
739,44895,Застенчивый кролик,3,2050.0,0,0.0
740,4024029,Развивающий водный коврик чёрно-белые картинки для новорожденных,2,780.0,8,0.0
741,3412043,Энциклопедия детская. Забавные факты о теле человека. Забавные факты о животных. Тв. переп,2,390.0,8,0.0
742,3077132,Аквамозаика Волшебники,2,499.0,17,0.0
743,3073230,Алмазная мозаика на шкатулке с частичным заполнением,2,490.0,36,0.0
744,3064419,"Записная книжка / дневник / блокнот/ анкета для девочек и мальчиков на замочке А6, 50 л",2,410.0,68,0.0
745,2973589,"Фигурка MARVEL, Мстители, коллекционная, 7 см",2,499.0,10,0.0
746,2761448,"Пазл Мистическое замок, подарок на Хэллоуин. Страшилки",2,269.0,18,0.0
747,2468673,Мялка - антистресс с пазлом Собачка / Песик и Единорог,2,369.0,38,0.0
748,2379849,Развивающая игра для большой компании Танцуют все!,2,449.0,18,0.0
749,2209310,"Пазлы для малышей ""Собери свою зверюшку. Животные леса, Африки""",2,529.0,16,0.0
750,1528943,"Логомозаика, звуки Р и Р, настольная игра Bondibon",2,600.75,3,0.0
751,1274298,Игра настольная Клан Бро (жестяная коробочка),2,345.0,0,0.0
752,1034510,Игра настольная Веселое Сафари (жестяная коробочка),2,380.0,0,0.0
753,1034420,Настольная игра Купи слона в жестяной коробке,2,382.5,2,5.0
754,1034363,Игра настольная Фан-фанты (жестяная коробочка),2,350.0,0,0.0
755,897716,Игра магнитная Всякая всячина. Зоопарк 6 зверей,2,395.0,12,0.0
756,684813,"Конструктор Капитан AUSINI, 2 в 1, 201 деталь",2,790.0,0,0.0
757,684790,"Конструктор Капитан AUSINI, 2 в 1, 244 детали",2,100.0,0,5.0
758,490720,"Бизиборд Алатойс ""Учим цифры""",2,1517.08,1,0.0
759,487893,"Пирамидка Счеты, 15 деталей",2,531.0,2,0.0
760,456784,Деревянная игрушка Мозаика Лучики от Алатойс,2,578.5,3,5.0
761,453801,"Деревянная игрушка - сортер ""Бабочка"" Алатойс",2,495.0,3,0.0
762,447104,"Деревянная игрушка Сортер-пазл, вкладыш ""Заяц, рыбка, корова, петух""",2,365.0,2,0.0
763,419169,"Логическая пирамидка ""Учимся считать""",2,636.09,14,0.0
764,367966,Ксилофон Корова,2,855.0,1,0.0
765,367283,"Конструктор деревянный, детский, ""Городок""",2,863.59,2,0.0
766,304939,"Магнитный конструктор Bondibon ""Магнитоформы"" 14 деталей",2,1050.0,0,0.0
767,138714,"Настольная игра ""Найди противоположности""",2,444.99,1,0.0
768,138710,"Пазлы парные ""Кто и что ест?""- настольная игра для малышей от Bondibon",2,390.0,0,0.0
769,102678,"Набор для творчества ""Копилка-подарок"" Кошечка.",2,450.0,0,0.0
770,39377,МОРЕ В МЕШКЕ - Настольная игра (от 5 лет) от Bondibon,2,588.0,0,0.0
771,39376,НОС в НОС - Настольная игра Bondibon,2,644.0,0,0.0
772,39315,"Набор для творчества Bondibon""Ёлочные украшения"" (паровоз, снеговик, колокольчик, лошадка)",2,260.0,0,0.0
773,39267,Лопни пузырь - Настольная игра Bondibon,2,285.0,0,0.0
774,39253,Умные утки-Магнитная игра Bondibon для путешествий,2,620.0,0,0.0
775,4020500,"Настольная игра на скорость Замурчательная рыбалка, развивающая, 62 карты, 5+",1,499.0,9,0.0
776,3428231,Книжка - игрушка с колёсами. Синий трактор. Транспорт,1,434.13,9,0.0
777,3402012,"Книжка с окошками. Синий трактор. Домашние, дикие животные, Транспорт",1,299.0,33,0.0
778,3064728,"Подарочный набор, 3в1, ""Медвежонок Мэни"", картонная книга, пазл, игрушка",1,499.0,10,0.0
779,2559218,Развивающие чёрно-белые картинки для новорождённых. Книжка-бортик по методике Г. Домана,1,849.0,19,0.0
780,2206950,"Мягкая игрушка из плюша ""Монстрик своими руками""",1,759.0,15,0.0
781,2203303,Трактор деревянная игрушка - шнуровка,1,249.0,34,0.0
782,1607182,"Сортер ""Ёжик и трактор""",1,1035.0,3,0.0
783,1546047,"Настольная игра ""Логомозаика. Звуки Р, Р и Л, Л""",1,675.0,4,0.0
784,1528955,"Настольная игра ""Логомозаика. Звуки Ш и Ж""",1,667.5,3,0.0
785,1528908,"Настольная игра BONDIBON ""Логомозаика. Звуки Л и Л""",1,600.75,4,0.0
786,925264,Лото детское для малышей. Настольная игра для девочек,1,556.25,5,0.0
787,844817,"Досочки ""Сегена""",1,765.0,3,0.0
788,694192,"Магнитная мозаика ""Забавные зверюшки""",1,391.5,4,0.0
789,494348,"Бизиборд ""Календарь"" от Алатойс",1,667.5,2,0.0
790,487998,Сортер деревяный Пазл Автомобили. Развивающая игрушка,1,365.0,7,0.0
791,456852,"Металлофон ""Паровозик"" 7 планок",1,790.0,0,0.0
792,456812,"Деревянная игрушка - Сортер ""Фигуры",1,454.09,4,0.0
793,453768,"Пазл ""Транспорт"" Алатойс",1,365.0,8,0.0
794,452111,Деревянный Сортер Пазл Цифры. Учимся считать,1,585.0,7,0.0
795,446999,"Шнуровка ""Океан""",1,320.0,3,0.0
796,417007,Сортер 17,1,441.0,6,0.0
797,352924,"Бизиборд - сортер, часики",1,681.59,3,0.0
798,322470,Пазл Дроби-круги,1,320.0,8,0.0
799,78734,"Мозайка ""Веселые мордашки""",1,690.0,0,0.0
800,77347,"Французские опыты Науки с Буки BONDIBON, н-р мылов-я Маленькое чудо. Мыло пончик",1,590.0,0,0.0
801,77333,Детективы - настольная обучающая игра Bondibon,1,599.0,0,0.0
802,77310,"Логическая игра Bondibon ""Камелот""",1,1950.0,0,0.0
803,46071,"Конструктор-мозаика 129 дет.,Воndibon,  серия ""Папины дети"", ВОХ 25,5х7,8х25,5 см.",1,660.0,0,0.0
804,45714,Обучающие игры Bondibon Настольная игра ДЕТЕКТИВЫ,1,599.0,0,0.0
805,4022592,"Настольная игра Дом бобра, развивающая, 5+",0,549.0,10,0.0
806,3872796,Книга Правда или нет? Мир животных,0,199.0,40,0.0
807,2737040,Развивающий набор Навыки XXI века. Я учусь придумывать,0,239.0,50,0.0
808,2334488,"Конструктор ""Комната принцессы"", 2 фигурки, 282 детали",0,999.0,5,0.0
809,2202652,Светящийся вертушек вертолётикс рогаткой,0,129.0,0,0.0
810,1607082,"Интерактивная азбука ""Буквы и слоги""",0,1518.0,13,0.0
811,1607054,"Танграм ""Тетрис""",0,681.59,21,0.0
812,1559949,"Настольная детская игра ""Логопазлы. Парные согласные В-Ф, Б-П"" 2 в 1",0,998.76,18,0.0
813,1547484,"Нарукавники для плавания, оранжевые, 3-6 лет",0,299.0,0,0.0
814,1546092,"Настольная игра ""Логомозаика звуки З, З И С, С"" Играй Думай Учись Bondibon",0,675.0,5,0.0
815,539363,"Бизиборд ""Часики"" + времена года и дни недели",0,1426.0,3,0.0
816,507026,Нарукавники Морской приятель 19х19см 3-6 лет,0,250.0,0,0.0
817,452401,"Детская развивающая игрушка деревянная Бизиборд ""Шестерёнки""",0,990.0,2,0.0
818,447077,"Сортер деревяныый Пазл - вкладыш ""Океан""",0,365.0,10,0.0
819,414763,"Игра Мемори ""Овощи""",0,365.0,0,0.0
820,37724,Набор для игры в песочнице,0,380.0,0,0.0
821,32298,"Конструктор ""Дерево""",0,750.0,0,0.0
822,30786,Детские кегли ПИРАТЫ,0,350.0,0,0.0
